2021,Level 2,Dione,Carolin,Dione.Carolin@yopmail.com,Dione.Carolin@gmail.com,Iraq
2001,Level 3,Bobinette,Latini,Bobinette.Latini@yopmail.com,Bobinette.Latini@gmail.com,Bolivia
2001,Level 1,Carilyn,Arathorn,Carilyn.Arathorn@yopmail.com,Carilyn.Arathorn@gmail.com,Malawi
2003,Level 3,Gilligan,Longfellow,Gilligan.Longfellow@yopmail.com,Gilligan.Longfellow@gmail.com,Colombia
2015,Level 4,Emylee,Robertson,Emylee.Robertson@yopmail.com,Emylee.Robertson@gmail.com,Panama
2016,Level 4,Jorry,Bonilla,Jorry.Bonilla@yopmail.com,Jorry.Bonilla@gmail.com,Mayotte
2013,Level 4,Belinda,Janith,Belinda.Janith@yopmail.com,Belinda.Janith@gmail.com,American Samoa
2022,Level 2,Leona,Rolf,Leona.Rolf@yopmail.com,Leona.Rolf@gmail.com,"Macedonia, The Former Yugoslav Republic of"
2011,Level 4,Lonnie,Rona,Lonnie.Rona@yopmail.com,Lonnie.Rona@gmail.com,"Moldova, Republic of"
2016,Level 3,Gabi,Flyn,Gabi.Flyn@yopmail.com,Gabi.Flyn@gmail.com,Colombia
2008,Level 1,Jere,Haldas,Jere.Haldas@yopmail.com,Jere.Haldas@gmail.com,Yemen
2017,Level 2,Imojean,Arvo,Imojean.Arvo@yopmail.com,Imojean.Arvo@gmail.com,Japan
2017,Level 4,Perry,Halsey,Perry.Halsey@yopmail.com,Perry.Halsey@gmail.com,India
2015,Level 2,Candy,Pip,Candy.Pip@yopmail.com,Candy.Pip@gmail.com,"Taiwan, Province of China"
2009,Level 2,Ottilie,Bryna,Ottilie.Bryna@yopmail.com,Ottilie.Bryna@gmail.com,Croatia
2002,Level 4,Bobinette,Gerge,Bobinette.Gerge@yopmail.com,Bobinette.Gerge@gmail.com,Mayotte
2001,Level 1,Lyssa,Westphal,Lyssa.Westphal@yopmail.com,Lyssa.Westphal@gmail.com,Mongolia
2001,Level 3,Edyth,Auberbach,Edyth.Auberbach@yopmail.com,Edyth.Auberbach@gmail.com,Lebanon
2010,Level 3,Dolli,Pozzy,Dolli.Pozzy@yopmail.com,Dolli.Pozzy@gmail.com,Cameroon
2022,Level 1,Jordan,Haldas,Jordan.Haldas@yopmail.com,Jordan.Haldas@gmail.com,Gibraltar
2018,Level 1,Sabina,Schroth,Sabina.Schroth@yopmail.com,Sabina.Schroth@gmail.com,Syrian Arab Republic
2000,Level 4,Ann-Marie,Lynn,Ann-Marie.Lynn@yopmail.com,Ann-Marie.Lynn@gmail.com,Sao Tome and Principe
2014,Level 2,Fred,Goldina,Fred.Goldina@yopmail.com,Fred.Goldina@gmail.com,"Korea, Republic of"
2006,Level 3,Hope,Yuille,Hope.Yuille@yopmail.com,Hope.Yuille@gmail.com,Papua New Guinea
2013,Level 2,Melina,Breed,Melina.Breed@yopmail.com,Melina.Breed@gmail.com,Faroe Islands
2015,Level 4,Christy,Fancie,Christy.Fancie@yopmail.com,Christy.Fancie@gmail.com,Sweden
2016,Level 4,Micheline,Rosemary,Micheline.Rosemary@yopmail.com,Micheline.Rosemary@gmail.com,Tajikistan
2011,Level 4,Sallie,Jeanne,Sallie.Jeanne@yopmail.com,Sallie.Jeanne@gmail.com,Saint Vincent and the Grenadines
2014,Level 3,Cherilyn,Blase,Cherilyn.Blase@yopmail.com,Cherilyn.Blase@gmail.com,Guyana
2017,Level 1,Merle,Flyn,Merle.Flyn@yopmail.com,Merle.Flyn@gmail.com,Slovenia
2017,Level 2,Ann-Marie,Briney,Ann-Marie.Briney@yopmail.com,Ann-Marie.Briney@gmail.com,Venezuela
2017,Level 4,Asia,Shirberg,Asia.Shirberg@yopmail.com,Asia.Shirberg@gmail.com,Guernsey
2007,Level 3,Thalia,Minetta,Thalia.Minetta@yopmail.com,Thalia.Minetta@gmail.com,Faroe Islands
2011,Level 3,Helena,Cullin,Helena.Cullin@yopmail.com,Helena.Cullin@gmail.com,Belarus
2009,Level 3,Kristina,Durante,Kristina.Durante@yopmail.com,Kristina.Durante@gmail.com,Monaco
2000,Level 4,Alia,Bigner,Alia.Bigner@yopmail.com,Alia.Bigner@gmail.com,Israel
2002,Level 4,Ninnetta,Sigfrid,Ninnetta.Sigfrid@yopmail.com,Ninnetta.Sigfrid@gmail.com,Oman
2002,Level 1,Marleah,Munn,Marleah.Munn@yopmail.com,Marleah.Munn@gmail.com,Northern Mariana Islands
2006,Level 4,Zia,Terrence,Zia.Terrence@yopmail.com,Zia.Terrence@gmail.com,Austria
2012,Level 4,Patricia,Chinua,Patricia.Chinua@yopmail.com,Patricia.Chinua@gmail.com,Saudi Arabia
2006,Level 1,Dorice,Tillford,Dorice.Tillford@yopmail.com,Dorice.Tillford@gmail.com,Malaysia
2011,Level 3,Kara-Lynn,Schroth,Kara-Lynn.Schroth@yopmail.com,Kara-Lynn.Schroth@gmail.com,Comoros
2006,Level 2,Chrystel,Kiersten,Chrystel.Kiersten@yopmail.com,Chrystel.Kiersten@gmail.com,Guatemala
2007,Level 4,Jeanna,Joachim,Jeanna.Joachim@yopmail.com,Jeanna.Joachim@gmail.com,Tunisia
2021,Level 1,Melodie,Sekofski,Melodie.Sekofski@yopmail.com,Melodie.Sekofski@gmail.com,"Cote D""Ivoire"
2021,Level 4,Regina,Georgy,Regina.Georgy@yopmail.com,Regina.Georgy@gmail.com,Hungary
2016,Level 1,Charissa,Joachim,Charissa.Joachim@yopmail.com,Charissa.Joachim@gmail.com,Nicaragua
2019,Level 3,Monika,Velick,Monika.Velick@yopmail.com,Monika.Velick@gmail.com,Netherlands
2009,Level 2,Valera,Bakerman,Valera.Bakerman@yopmail.com,Valera.Bakerman@gmail.com,Djibouti
2005,Level 3,Zsa Zsa,McClimans,Zsa Zsa.McClimans@yopmail.com,Zsa Zsa.McClimans@gmail.com,Martinique
2004,Level 4,Mallory,Plato,Mallory.Plato@yopmail.com,Mallory.Plato@gmail.com,Cape Verde
2019,Level 3,Kial,Pelagias,Kial.Pelagias@yopmail.com,Kial.Pelagias@gmail.com,Malawi
2009,Level 3,Catrina,Ahab,Catrina.Ahab@yopmail.com,Catrina.Ahab@gmail.com,Paraguay
2000,Level 3,Ermengarde,Edee,Ermengarde.Edee@yopmail.com,Ermengarde.Edee@gmail.com,Cayman Islands
2011,Level 4,Ulrike,Vacuva,Ulrike.Vacuva@yopmail.com,Ulrike.Vacuva@gmail.com,Panama
2012,Level 3,Alexine,Lilas,Alexine.Lilas@yopmail.com,Alexine.Lilas@gmail.com,Singapore
2020,Level 1,Elfreda,Cynar,Elfreda.Cynar@yopmail.com,Elfreda.Cynar@gmail.com,Slovakia
2010,Level 1,Teriann,Nahum,Teriann.Nahum@yopmail.com,Teriann.Nahum@gmail.com,Cameroon
2006,Level 4,Kathy,Old,Kathy.Old@yopmail.com,Kathy.Old@gmail.com,Gambia
2012,Level 3,Rosene,Berl,Rosene.Berl@yopmail.com,Rosene.Berl@gmail.com,New Caledonia
2018,Level 3,Liana,Jammal,Liana.Jammal@yopmail.com,Liana.Jammal@gmail.com,Heard Island and Mcdonald Islands
2004,Level 4,Caryl,Cookie,Caryl.Cookie@yopmail.com,Caryl.Cookie@gmail.com,"Moldova, Republic of"
2010,Level 3,Alyssa,Tillford,Alyssa.Tillford@yopmail.com,Alyssa.Tillford@gmail.com,Finland
2018,Level 1,Georgina,Nea,Georgina.Nea@yopmail.com,Georgina.Nea@gmail.com,Italy
2016,Level 2,Alex,Tryck,Alex.Tryck@yopmail.com,Alex.Tryck@gmail.com,Cambodia
2015,Level 1,Netty,Doig,Netty.Doig@yopmail.com,Netty.Doig@gmail.com,Ecuador
2000,Level 2,Marcelline,Lesley,Marcelline.Lesley@yopmail.com,Marcelline.Lesley@gmail.com,Thailand
2013,Level 1,Netty,Garek,Netty.Garek@yopmail.com,Netty.Garek@gmail.com,Marshall Islands
2002,Level 4,Flo,Deny,Flo.Deny@yopmail.com,Flo.Deny@gmail.com,Guinea-Bissau
2022,Level 1,Arabel,Faust,Arabel.Faust@yopmail.com,Arabel.Faust@gmail.com,Burkina Faso
2004,Level 2,Kristan,Ramona,Kristan.Ramona@yopmail.com,Kristan.Ramona@gmail.com,South Georgia and the South Sandwich Islands
2021,Level 1,Phylis,Afton,Phylis.Afton@yopmail.com,Phylis.Afton@gmail.com,Heard Island and Mcdonald Islands
2006,Level 3,Kenna,Koziara,Kenna.Koziara@yopmail.com,Kenna.Koziara@gmail.com,"Tanzania, United Republic of"
2011,Level 1,Penelopa,Gwenore,Penelopa.Gwenore@yopmail.com,Penelopa.Gwenore@gmail.com,Luxembourg
2015,Level 2,Janey,Ralfston,Janey.Ralfston@yopmail.com,Janey.Ralfston@gmail.com,Estonia
2016,Level 1,Nelle,Carvey,Nelle.Carvey@yopmail.com,Nelle.Carvey@gmail.com,Cape Verde
2008,Level 4,Helsa,Rodmann,Helsa.Rodmann@yopmail.com,Helsa.Rodmann@gmail.com,Burundi
2018,Level 2,Gavrielle,Breed,Gavrielle.Breed@yopmail.com,Gavrielle.Breed@gmail.com,Equatorial Guinea
2001,Level 3,Madeleine,Kiersten,Madeleine.Kiersten@yopmail.com,Madeleine.Kiersten@gmail.com,Libyan Arab Jamahiriya
2006,Level 2,Sarette,Kunin,Sarette.Kunin@yopmail.com,Sarette.Kunin@gmail.com,Syrian Arab Republic
2014,Level 3,Yolane,Danby,Yolane.Danby@yopmail.com,Yolane.Danby@gmail.com,Trinidad and Tobago
2004,Level 3,Tersina,Koehler,Tersina.Koehler@yopmail.com,Tersina.Koehler@gmail.com,Cook Islands
2021,Level 4,Sophia,Tomasina,Sophia.Tomasina@yopmail.com,Sophia.Tomasina@gmail.com,Paraguay
2005,Level 3,Tilly,Ehrman,Tilly.Ehrman@yopmail.com,Tilly.Ehrman@gmail.com,Kiribati
2017,Level 1,Gusty,Ioab,Gusty.Ioab@yopmail.com,Gusty.Ioab@gmail.com,Zambia
2000,Level 1,Elyssa,Lowry,Elyssa.Lowry@yopmail.com,Elyssa.Lowry@gmail.com,Martinique
2019,Level 1,Sam,Leary,Sam.Leary@yopmail.com,Sam.Leary@gmail.com,Nigeria
2016,Level 2,Marita,Couture,Marita.Couture@yopmail.com,Marita.Couture@gmail.com,Montserrat
2009,Level 3,Gianina,Gherardo,Gianina.Gherardo@yopmail.com,Gianina.Gherardo@gmail.com,"Korea, Democratic People""S Republic of"
2002,Level 1,Tera,Skurnik,Tera.Skurnik@yopmail.com,Tera.Skurnik@gmail.com,Guernsey
2020,Level 4,Dorene,Leary,Dorene.Leary@yopmail.com,Dorene.Leary@gmail.com,Egypt
2011,Level 1,Mara,Lasley,Mara.Lasley@yopmail.com,Mara.Lasley@gmail.com,Bolivia
2005,Level 2,Jacenta,Breed,Jacenta.Breed@yopmail.com,Jacenta.Breed@gmail.com,Cook Islands
2018,Level 2,Ermengarde,Westphal,Ermengarde.Westphal@yopmail.com,Ermengarde.Westphal@gmail.com,Palau
2007,Level 1,Aubrie,Uund,Aubrie.Uund@yopmail.com,Aubrie.Uund@gmail.com,British Indian Ocean Territory
2002,Level 2,Betta,Karylin,Betta.Karylin@yopmail.com,Betta.Karylin@gmail.com,Senegal
2004,Level 3,Jaime,Iaverne,Jaime.Iaverne@yopmail.com,Jaime.Iaverne@gmail.com,Ecuador
2016,Level 3,Damaris,Adore,Damaris.Adore@yopmail.com,Damaris.Adore@gmail.com,Palau
2019,Level 3,Ginnie,Kenwood,Ginnie.Kenwood@yopmail.com,Ginnie.Kenwood@gmail.com,Turkmenistan
2014,Level 1,Alia,Lia,Alia.Lia@yopmail.com,Alia.Lia@gmail.com,Greenland
2016,Level 3,Zsa Zsa,Agle,Zsa Zsa.Agle@yopmail.com,Zsa Zsa.Agle@gmail.com,Guinea-Bissau
2016,Level 1,Inga,Standing,Inga.Standing@yopmail.com,Inga.Standing@gmail.com,Azerbaijan
2011,Level 3,Judy,Lumbard,Judy.Lumbard@yopmail.com,Judy.Lumbard@gmail.com,Northern Mariana Islands
2022,Level 1,Kristina,Zetta,Kristina.Zetta@yopmail.com,Kristina.Zetta@gmail.com,Mali
2015,Level 4,Kerrin,Gusella,Kerrin.Gusella@yopmail.com,Kerrin.Gusella@gmail.com,Kiribati
2020,Level 1,Pamella,Dowski,Pamella.Dowski@yopmail.com,Pamella.Dowski@gmail.com,Guatemala
2021,Level 3,Anallese,Nedrud,Anallese.Nedrud@yopmail.com,Anallese.Nedrud@gmail.com,Papua New Guinea
2007,Level 2,Cyndie,Abernon,Cyndie.Abernon@yopmail.com,Cyndie.Abernon@gmail.com,South Georgia and the South Sandwich Islands
2012,Level 2,Deedee,Maribeth,Deedee.Maribeth@yopmail.com,Deedee.Maribeth@gmail.com,Congo
2001,Level 4,Constance,Aldric,Constance.Aldric@yopmail.com,Constance.Aldric@gmail.com,Syrian Arab Republic
2014,Level 2,Gaylene,Euridice,Gaylene.Euridice@yopmail.com,Gaylene.Euridice@gmail.com,Pakistan
2005,Level 4,Marline,My,Marline.My@yopmail.com,Marline.My@gmail.com,Lebanon
2007,Level 3,Lelah,O'Carroll,Lelah.O'Carroll@yopmail.com,Lelah.O'Carroll@gmail.com,Chad
2001,Level 2,Aigneis,Gibbeon,Aigneis.Gibbeon@yopmail.com,Aigneis.Gibbeon@gmail.com,Bahrain
2020,Level 4,Wanda,Christine,Wanda.Christine@yopmail.com,Wanda.Christine@gmail.com,Montserrat
2019,Level 4,Arabel,Tamsky,Arabel.Tamsky@yopmail.com,Arabel.Tamsky@gmail.com,Samoa
2018,Level 2,Adore,Amadas,Adore.Amadas@yopmail.com,Adore.Amadas@gmail.com,El Salvador
2009,Level 1,Alyda,Pauly,Alyda.Pauly@yopmail.com,Alyda.Pauly@gmail.com,Madagascar
2015,Level 1,Catrina,Moseley,Catrina.Moseley@yopmail.com,Catrina.Moseley@gmail.com,Guinea-Bissau
2010,Level 3,Daphne,Joni,Daphne.Joni@yopmail.com,Daphne.Joni@gmail.com,Gibraltar
2003,Level 1,Pamella,Seagraves,Pamella.Seagraves@yopmail.com,Pamella.Seagraves@gmail.com,Gibraltar
2022,Level 1,Lucille,Deegan,Lucille.Deegan@yopmail.com,Lucille.Deegan@gmail.com,Svalbard and Jan Mayen
2012,Level 3,Wileen,Mendez,Wileen.Mendez@yopmail.com,Wileen.Mendez@gmail.com,Egypt
2020,Level 2,Ingrid,Anis,Ingrid.Anis@yopmail.com,Ingrid.Anis@gmail.com,Uganda
2006,Level 3,Beverley,Johanna,Beverley.Johanna@yopmail.com,Beverley.Johanna@gmail.com,Brunei Darussalam
2022,Level 2,Tami,Auberbach,Tami.Auberbach@yopmail.com,Tami.Auberbach@gmail.com,Chile
2008,Level 2,Corina,Laurianne,Corina.Laurianne@yopmail.com,Corina.Laurianne@gmail.com,Antigua and Barbuda
2021,Level 3,Ida,Barbey,Ida.Barbey@yopmail.com,Ida.Barbey@gmail.com,Portugal
2009,Level 3,Allyce,Emmy,Allyce.Emmy@yopmail.com,Allyce.Emmy@gmail.com,"Korea, Democratic People""S Republic of"
2020,Level 3,Maridel,Wallis,Maridel.Wallis@yopmail.com,Maridel.Wallis@gmail.com,Brunei Darussalam
2020,Level 3,Monika,Jacobah,Monika.Jacobah@yopmail.com,Monika.Jacobah@gmail.com,Estonia
2012,Level 4,Kial,Vanni,Kial.Vanni@yopmail.com,Kial.Vanni@gmail.com,"Virgin Islands, U.S."
2013,Level 2,Alie,Merna,Alie.Merna@yopmail.com,Alie.Merna@gmail.com,Italy
2009,Level 3,Jolyn,Emanuel,Jolyn.Emanuel@yopmail.com,Jolyn.Emanuel@gmail.com,Iceland
2001,Level 2,Perry,Dearborn,Perry.Dearborn@yopmail.com,Perry.Dearborn@gmail.com,Åland Islands
2021,Level 4,Florencia,Lia,Florencia.Lia@yopmail.com,Florencia.Lia@gmail.com,Eritrea
2022,Level 2,Shel,Jess,Shel.Jess@yopmail.com,Shel.Jess@gmail.com,Falkland Islands (Malvinas)
2016,Level 1,Danika,Denis,Danika.Denis@yopmail.com,Danika.Denis@gmail.com,Morocco
2011,Level 1,Rozele,Tufts,Rozele.Tufts@yopmail.com,Rozele.Tufts@gmail.com,Comoros
2002,Level 3,Orelia,Pitt,Orelia.Pitt@yopmail.com,Orelia.Pitt@gmail.com,Mongolia
2015,Level 3,Augustine,Larochelle,Augustine.Larochelle@yopmail.com,Augustine.Larochelle@gmail.com,"Micronesia, Federated States of"
2010,Level 2,Evita,Sasnett,Evita.Sasnett@yopmail.com,Evita.Sasnett@gmail.com,Gambia
2007,Level 3,Nataline,Goldina,Nataline.Goldina@yopmail.com,Nataline.Goldina@gmail.com,South Africa
2000,Level 2,Sophia,Muriel,Sophia.Muriel@yopmail.com,Sophia.Muriel@gmail.com,Denmark
2003,Level 1,Adelle,Estella,Adelle.Estella@yopmail.com,Adelle.Estella@gmail.com,Antarctica
2020,Level 1,Silvana,Alabaster,Silvana.Alabaster@yopmail.com,Silvana.Alabaster@gmail.com,Afghanistan
2013,Level 2,Minne,Rubie,Minne.Rubie@yopmail.com,Minne.Rubie@gmail.com,Martinique
2011,Level 1,Aili,Fiester,Aili.Fiester@yopmail.com,Aili.Fiester@gmail.com,Jersey
2000,Level 1,Lucille,Cassius,Lucille.Cassius@yopmail.com,Lucille.Cassius@gmail.com,"Iran, Islamic Republic Of"
2005,Level 4,Morganica,Wesle,Morganica.Wesle@yopmail.com,Morganica.Wesle@gmail.com,Chile
2020,Level 2,Evaleen,Papageno,Evaleen.Papageno@yopmail.com,Evaleen.Papageno@gmail.com,Bahamas
2005,Level 3,Morganica,Dex,Morganica.Dex@yopmail.com,Morganica.Dex@gmail.com,Hong Kong
2005,Level 4,Flo,Solitta,Flo.Solitta@yopmail.com,Flo.Solitta@gmail.com,Ethiopia
2003,Level 2,Jenda,Felizio,Jenda.Felizio@yopmail.com,Jenda.Felizio@gmail.com,Heard Island and Mcdonald Islands
2004,Level 1,Catrina,Korey,Catrina.Korey@yopmail.com,Catrina.Korey@gmail.com,United Arab Emirates
2020,Level 3,Ayn,Charity,Ayn.Charity@yopmail.com,Ayn.Charity@gmail.com,Burundi
2010,Level 2,Marika,Wilkinson,Marika.Wilkinson@yopmail.com,Marika.Wilkinson@gmail.com,Uganda
2011,Level 2,Shaine,Teryn,Shaine.Teryn@yopmail.com,Shaine.Teryn@gmail.com,Saint Lucia
2020,Level 2,Briney,Fitzsimmons,Briney.Fitzsimmons@yopmail.com,Briney.Fitzsimmons@gmail.com,British Indian Ocean Territory
2013,Level 1,Dolli,Peonir,Dolli.Peonir@yopmail.com,Dolli.Peonir@gmail.com,Nepal
2020,Level 1,Magdalena,Mintz,Magdalena.Mintz@yopmail.com,Magdalena.Mintz@gmail.com,Panama
2008,Level 4,Joane,Libna,Joane.Libna@yopmail.com,Joane.Libna@gmail.com,Maldives
2009,Level 3,Shaylyn,Fancie,Shaylyn.Fancie@yopmail.com,Shaylyn.Fancie@gmail.com,Kazakhstan
2015,Level 4,Kelly,Aloise,Kelly.Aloise@yopmail.com,Kelly.Aloise@gmail.com,Panama
2019,Level 4,Gisela,Linskey,Gisela.Linskey@yopmail.com,Gisela.Linskey@gmail.com,Vanuatu
2020,Level 1,Dode,Kolnick,Dode.Kolnick@yopmail.com,Dode.Kolnick@gmail.com,Tajikistan
2002,Level 3,Hannis,Brenn,Hannis.Brenn@yopmail.com,Hannis.Brenn@gmail.com,"Moldova, Republic of"
2013,Level 4,Riannon,Loring,Riannon.Loring@yopmail.com,Riannon.Loring@gmail.com,Guam
2008,Level 1,Elmira,Allare,Elmira.Allare@yopmail.com,Elmira.Allare@gmail.com,South Georgia and the South Sandwich Islands
2011,Level 2,Leeanne,Ajay,Leeanne.Ajay@yopmail.com,Leeanne.Ajay@gmail.com,Haiti
2001,Level 4,Sallie,Gladstone,Sallie.Gladstone@yopmail.com,Sallie.Gladstone@gmail.com,Bouvet Island
2013,Level 2,Carilyn,Deny,Carilyn.Deny@yopmail.com,Carilyn.Deny@gmail.com,Gabon
2010,Level 3,Raina,Rodmann,Raina.Rodmann@yopmail.com,Raina.Rodmann@gmail.com,Holy See (Vatican City State)
2008,Level 2,Tilly,Ovid,Tilly.Ovid@yopmail.com,Tilly.Ovid@gmail.com,Mongolia
2015,Level 3,Rochette,Tybald,Rochette.Tybald@yopmail.com,Rochette.Tybald@gmail.com,Bulgaria
2016,Level 2,Mallory,Fax,Mallory.Fax@yopmail.com,Mallory.Fax@gmail.com,Barbados
2004,Level 4,Sashenka,Wildermuth,Sashenka.Wildermuth@yopmail.com,Sashenka.Wildermuth@gmail.com,"Korea, Democratic People""S Republic of"
2008,Level 1,Dolli,Zrike,Dolli.Zrike@yopmail.com,Dolli.Zrike@gmail.com,Luxembourg
2009,Level 3,Carree,Demitria,Carree.Demitria@yopmail.com,Carree.Demitria@gmail.com,Togo
2003,Level 4,Yvonne,Bow,Yvonne.Bow@yopmail.com,Yvonne.Bow@gmail.com,Slovenia
2010,Level 3,Blake,Tarrant,Blake.Tarrant@yopmail.com,Blake.Tarrant@gmail.com,South Africa
2010,Level 1,Jessamyn,Tybald,Jessamyn.Tybald@yopmail.com,Jessamyn.Tybald@gmail.com,"Congo, The Democratic Republic of the"
2008,Level 3,Ruthe,Mathilde,Ruthe.Mathilde@yopmail.com,Ruthe.Mathilde@gmail.com,French Guiana
2008,Level 4,Jessy,Nahum,Jessy.Nahum@yopmail.com,Jessy.Nahum@gmail.com,Lithuania
2007,Level 3,Melodie,Corabella,Melodie.Corabella@yopmail.com,Melodie.Corabella@gmail.com,Armenia
2014,Level 2,Nadine,Ventre,Nadine.Ventre@yopmail.com,Nadine.Ventre@gmail.com,Mali
2009,Level 4,Gwenneth,Hieronymus,Gwenneth.Hieronymus@yopmail.com,Gwenneth.Hieronymus@gmail.com,United States
2013,Level 3,Camile,Knowling,Camile.Knowling@yopmail.com,Camile.Knowling@gmail.com,Kiribati
2016,Level 2,Georgetta,Bouchard,Georgetta.Bouchard@yopmail.com,Georgetta.Bouchard@gmail.com,Singapore
2014,Level 2,Anica,Gusella,Anica.Gusella@yopmail.com,Anica.Gusella@gmail.com,Japan
2007,Level 2,Blinni,Janene,Blinni.Janene@yopmail.com,Blinni.Janene@gmail.com,RWANDA
2009,Level 4,Marsiella,Ingra,Marsiella.Ingra@yopmail.com,Marsiella.Ingra@gmail.com,Bulgaria
2010,Level 3,Elfreda,Zaslow,Elfreda.Zaslow@yopmail.com,Elfreda.Zaslow@gmail.com,Bosnia and Herzegovina
2021,Level 4,Aurelie,Dahlia,Aurelie.Dahlia@yopmail.com,Aurelie.Dahlia@gmail.com,Bulgaria
2007,Level 3,Olivette,Munn,Olivette.Munn@yopmail.com,Olivette.Munn@gmail.com,Panama
2007,Level 4,Nonnah,Ralfston,Nonnah.Ralfston@yopmail.com,Nonnah.Ralfston@gmail.com,Canada
2001,Level 3,Tani,Goode,Tani.Goode@yopmail.com,Tani.Goode@gmail.com,Sudan
2015,Level 2,Florencia,Bivins,Florencia.Bivins@yopmail.com,Florencia.Bivins@gmail.com,Afghanistan
2016,Level 4,Madelle,Waite,Madelle.Waite@yopmail.com,Madelle.Waite@gmail.com,Saint Vincent and the Grenadines
2016,Level 3,Tilly,Valoniah,Tilly.Valoniah@yopmail.com,Tilly.Valoniah@gmail.com,French Southern Territories
2009,Level 2,Trixi,Masao,Trixi.Masao@yopmail.com,Trixi.Masao@gmail.com,Bouvet Island
2022,Level 1,Drucie,Buckler,Drucie.Buckler@yopmail.com,Drucie.Buckler@gmail.com,"Congo, The Democratic Republic of the"
2004,Level 1,Janenna,Huggins,Janenna.Huggins@yopmail.com,Janenna.Huggins@gmail.com,Botswana
2002,Level 1,Lila,Vanni,Lila.Vanni@yopmail.com,Lila.Vanni@gmail.com,Zambia
2021,Level 2,Desirae,Peonir,Desirae.Peonir@yopmail.com,Desirae.Peonir@gmail.com,Senegal
2003,Level 1,Mamie,Agle,Mamie.Agle@yopmail.com,Mamie.Agle@gmail.com,Morocco
2013,Level 2,Suzette,Damarra,Suzette.Damarra@yopmail.com,Suzette.Damarra@gmail.com,China
2014,Level 4,Catrina,Goldina,Catrina.Goldina@yopmail.com,Catrina.Goldina@gmail.com,Trinidad and Tobago
2019,Level 2,Wanda,Cynar,Wanda.Cynar@yopmail.com,Wanda.Cynar@gmail.com,French Guiana
2010,Level 1,Jorry,Fabiola,Jorry.Fabiola@yopmail.com,Jorry.Fabiola@gmail.com,Spain
2011,Level 4,Alie,Kauppi,Alie.Kauppi@yopmail.com,Alie.Kauppi@gmail.com,Uruguay
2007,Level 4,Sharai,Tufts,Sharai.Tufts@yopmail.com,Sharai.Tufts@gmail.com,Portugal
2019,Level 4,Dyann,Denis,Dyann.Denis@yopmail.com,Dyann.Denis@gmail.com,Heard Island and Mcdonald Islands
2017,Level 3,Alisha,Cimbura,Alisha.Cimbura@yopmail.com,Alisha.Cimbura@gmail.com,Algeria
2003,Level 4,Judy,Emmy,Judy.Emmy@yopmail.com,Judy.Emmy@gmail.com,Sweden
2019,Level 2,Farrah,Othilia,Farrah.Othilia@yopmail.com,Farrah.Othilia@gmail.com,British Indian Ocean Territory
2010,Level 3,Lilith,Wadell,Lilith.Wadell@yopmail.com,Lilith.Wadell@gmail.com,Netherlands Antilles
2002,Level 3,Ardys,McClimans,Ardys.McClimans@yopmail.com,Ardys.McClimans@gmail.com,British Indian Ocean Territory
2013,Level 4,Constance,Burkle,Constance.Burkle@yopmail.com,Constance.Burkle@gmail.com,Bangladesh
2017,Level 1,Jillayne,Gert,Jillayne.Gert@yopmail.com,Jillayne.Gert@gmail.com,Kyrgyzstan
2014,Level 3,Micheline,Vacuva,Micheline.Vacuva@yopmail.com,Micheline.Vacuva@gmail.com,Cocos (Keeling) Islands
2008,Level 1,Dagmar,Fink,Dagmar.Fink@yopmail.com,Dagmar.Fink@gmail.com,Reunion
2004,Level 3,Lorenza,Catie,Lorenza.Catie@yopmail.com,Lorenza.Catie@gmail.com,Zambia
2019,Level 2,Mariele,Fillbert,Mariele.Fillbert@yopmail.com,Mariele.Fillbert@gmail.com,Bahrain
2003,Level 4,Thalia,Franza,Thalia.Franza@yopmail.com,Thalia.Franza@gmail.com,Angola
2019,Level 2,Tatiania,Read,Tatiania.Read@yopmail.com,Tatiania.Read@gmail.com,Martinique
2008,Level 2,Katharina,Aprile,Katharina.Aprile@yopmail.com,Katharina.Aprile@gmail.com,Oman
2010,Level 2,Letizia,Wesle,Letizia.Wesle@yopmail.com,Letizia.Wesle@gmail.com,Egypt
2013,Level 3,Brynna,Vittoria,Brynna.Vittoria@yopmail.com,Brynna.Vittoria@gmail.com,Tonga
2010,Level 4,Pierette,Luhe,Pierette.Luhe@yopmail.com,Pierette.Luhe@gmail.com,Ghana
2018,Level 4,Gilligan,Fiester,Gilligan.Fiester@yopmail.com,Gilligan.Fiester@gmail.com,Israel
2003,Level 4,Charlena,Pyle,Charlena.Pyle@yopmail.com,Charlena.Pyle@gmail.com,Kyrgyzstan
2018,Level 4,Elie,Adlare,Elie.Adlare@yopmail.com,Elie.Adlare@gmail.com,Maldives
2017,Level 3,Nollie,Aldric,Nollie.Aldric@yopmail.com,Nollie.Aldric@gmail.com,Venezuela
2017,Level 2,Camile,Swigart,Camile.Swigart@yopmail.com,Camile.Swigart@gmail.com,Malta
2021,Level 4,Lynde,Emmy,Lynde.Emmy@yopmail.com,Lynde.Emmy@gmail.com,Luxembourg
2015,Level 1,Carmencita,Jefferey,Carmencita.Jefferey@yopmail.com,Carmencita.Jefferey@gmail.com,French Guiana
2007,Level 2,Fernande,Parsaye,Fernande.Parsaye@yopmail.com,Fernande.Parsaye@gmail.com,Hong Kong
2020,Level 1,Chere,Koehler,Chere.Koehler@yopmail.com,Chere.Koehler@gmail.com,Grenada
2014,Level 2,Gabriellia,Marijo,Gabriellia.Marijo@yopmail.com,Gabriellia.Marijo@gmail.com,Kazakhstan
2021,Level 4,Babita,Rhu,Babita.Rhu@yopmail.com,Babita.Rhu@gmail.com,Sri Lanka
2002,Level 1,Olwen,Valerio,Olwen.Valerio@yopmail.com,Olwen.Valerio@gmail.com,Croatia
2012,Level 2,Janenna,Kussell,Janenna.Kussell@yopmail.com,Janenna.Kussell@gmail.com,Congo
2003,Level 2,Gavrielle,Honoria,Gavrielle.Honoria@yopmail.com,Gavrielle.Honoria@gmail.com,Kiribati
2004,Level 3,Lorenza,Garek,Lorenza.Garek@yopmail.com,Lorenza.Garek@gmail.com,American Samoa
2001,Level 3,Emylee,Orelee,Emylee.Orelee@yopmail.com,Emylee.Orelee@gmail.com,Belgium
2017,Level 3,Loree,Knowling,Loree.Knowling@yopmail.com,Loree.Knowling@gmail.com,Gabon
2013,Level 4,Sybille,Artie,Sybille.Artie@yopmail.com,Sybille.Artie@gmail.com,Netherlands
2020,Level 4,Chere,Odell,Chere.Odell@yopmail.com,Chere.Odell@gmail.com,Ecuador
2014,Level 2,Albertina,Aloise,Albertina.Aloise@yopmail.com,Albertina.Aloise@gmail.com,Belgium
2011,Level 3,Jolyn,Abbot,Jolyn.Abbot@yopmail.com,Jolyn.Abbot@gmail.com,Iceland
2016,Level 2,Elka,Ajay,Elka.Ajay@yopmail.com,Elka.Ajay@gmail.com,Georgia
2021,Level 3,Ericka,Saint,Ericka.Saint@yopmail.com,Ericka.Saint@gmail.com,Cayman Islands
2017,Level 3,Larine,McCutcheon,Larine.McCutcheon@yopmail.com,Larine.McCutcheon@gmail.com,San Marino
2019,Level 2,Aeriela,Zachary,Aeriela.Zachary@yopmail.com,Aeriela.Zachary@gmail.com,Italy
2004,Level 2,Ofilia,Merna,Ofilia.Merna@yopmail.com,Ofilia.Merna@gmail.com,Botswana
2013,Level 3,Cristine,Bollay,Cristine.Bollay@yopmail.com,Cristine.Bollay@gmail.com,United Arab Emirates
2009,Level 4,Janis,Cavan,Janis.Cavan@yopmail.com,Janis.Cavan@gmail.com,Chad
2020,Level 3,Shannah,Mullane,Shannah.Mullane@yopmail.com,Shannah.Mullane@gmail.com,Tokelau
2009,Level 4,Ginnie,Goldina,Ginnie.Goldina@yopmail.com,Ginnie.Goldina@gmail.com,Myanmar
2002,Level 4,Roberta,Daegal,Roberta.Daegal@yopmail.com,Roberta.Daegal@gmail.com,Isle of Man
2015,Level 3,Sidoney,Monk,Sidoney.Monk@yopmail.com,Sidoney.Monk@gmail.com,Bermuda
2020,Level 1,Arlena,Tannie,Arlena.Tannie@yopmail.com,Arlena.Tannie@gmail.com,American Samoa
2011,Level 4,Chere,Johnsson,Chere.Johnsson@yopmail.com,Chere.Johnsson@gmail.com,Wallis and Futuna
2018,Level 2,Brietta,Raffo,Brietta.Raffo@yopmail.com,Brietta.Raffo@gmail.com,Brazil
2017,Level 3,Kalina,Roumell,Kalina.Roumell@yopmail.com,Kalina.Roumell@gmail.com,Papua New Guinea
2001,Level 1,Elyssa,Destinee,Elyssa.Destinee@yopmail.com,Elyssa.Destinee@gmail.com,Denmark
2018,Level 4,Trudie,Dunkin,Trudie.Dunkin@yopmail.com,Trudie.Dunkin@gmail.com,Uruguay
2017,Level 2,Ivett,Prober,Ivett.Prober@yopmail.com,Ivett.Prober@gmail.com,Comoros
2008,Level 3,Aimil,Marisa,Aimil.Marisa@yopmail.com,Aimil.Marisa@gmail.com,Niue
2020,Level 1,Mureil,Clywd,Mureil.Clywd@yopmail.com,Mureil.Clywd@gmail.com,Seychelles
2011,Level 2,Tersina,Brian,Tersina.Brian@yopmail.com,Tersina.Brian@gmail.com,Cook Islands
2010,Level 3,Lyssa,Fabiola,Lyssa.Fabiola@yopmail.com,Lyssa.Fabiola@gmail.com,Syrian Arab Republic
2007,Level 2,Celestyna,Japeth,Celestyna.Japeth@yopmail.com,Celestyna.Japeth@gmail.com,Fiji
2005,Level 3,Cyb,Penelopa,Cyb.Penelopa@yopmail.com,Cyb.Penelopa@gmail.com,Algeria
2011,Level 4,Aurelie,Linehan,Aurelie.Linehan@yopmail.com,Aurelie.Linehan@gmail.com,Mali
2013,Level 3,Eolanda,Ochs,Eolanda.Ochs@yopmail.com,Eolanda.Ochs@gmail.com,Barbados
2002,Level 3,Maridel,Tice,Maridel.Tice@yopmail.com,Maridel.Tice@gmail.com,Qatar
2022,Level 2,Ilse,Munn,Ilse.Munn@yopmail.com,Ilse.Munn@gmail.com,Spain
2019,Level 4,Amara,Jacinda,Amara.Jacinda@yopmail.com,Amara.Jacinda@gmail.com,Chile
2014,Level 4,Jsandye,Rossner,Jsandye.Rossner@yopmail.com,Jsandye.Rossner@gmail.com,Solomon Islands
2020,Level 2,Alie,Goth,Alie.Goth@yopmail.com,Alie.Goth@gmail.com,Indonesia
2013,Level 3,Neila,Tillford,Neila.Tillford@yopmail.com,Neila.Tillford@gmail.com,"Iran, Islamic Republic Of"
2004,Level 2,Carly,Cordi,Carly.Cordi@yopmail.com,Carly.Cordi@gmail.com,Nauru
2009,Level 1,Brandise,Lowry,Brandise.Lowry@yopmail.com,Brandise.Lowry@gmail.com,Angola
2012,Level 2,Clo,Kellby,Clo.Kellby@yopmail.com,Clo.Kellby@gmail.com,Slovakia
2022,Level 2,Lorne,Berard,Lorne.Berard@yopmail.com,Lorne.Berard@gmail.com,Poland
2016,Level 4,Dyann,Hunfredo,Dyann.Hunfredo@yopmail.com,Dyann.Hunfredo@gmail.com,Tonga
2015,Level 1,Elvira,Killigrew,Elvira.Killigrew@yopmail.com,Elvira.Killigrew@gmail.com,Thailand
2012,Level 3,Addia,Tristram,Addia.Tristram@yopmail.com,Addia.Tristram@gmail.com,Nauru
2012,Level 1,Doralynne,Telfer,Doralynne.Telfer@yopmail.com,Doralynne.Telfer@gmail.com,Bahamas
2016,Level 2,Wendi,Felizio,Wendi.Felizio@yopmail.com,Wendi.Felizio@gmail.com,Nauru
2014,Level 3,Hermione,Klotz,Hermione.Klotz@yopmail.com,Hermione.Klotz@gmail.com,Jordan
2016,Level 2,Wanda,Maroney,Wanda.Maroney@yopmail.com,Wanda.Maroney@gmail.com,Mayotte
2014,Level 4,Shell,Jaylene,Shell.Jaylene@yopmail.com,Shell.Jaylene@gmail.com,Bangladesh
2002,Level 1,Clary,Sammons,Clary.Sammons@yopmail.com,Clary.Sammons@gmail.com,"Virgin Islands, British"
2008,Level 4,Laure,O'Carroll,Laure.O'Carroll@yopmail.com,Laure.O'Carroll@gmail.com,Myanmar
2008,Level 1,Ekaterina,O'Carroll,Ekaterina.O'Carroll@yopmail.com,Ekaterina.O'Carroll@gmail.com,United Arab Emirates
2015,Level 4,Margalo,Orpah,Margalo.Orpah@yopmail.com,Margalo.Orpah@gmail.com,Tunisia
2013,Level 2,Britte,Irmine,Britte.Irmine@yopmail.com,Britte.Irmine@gmail.com,Turkey
2009,Level 3,Arabel,Zeeba,Arabel.Zeeba@yopmail.com,Arabel.Zeeba@gmail.com,Belgium
2022,Level 3,Tani,Breed,Tani.Breed@yopmail.com,Tani.Breed@gmail.com,United Kingdom
2022,Level 1,Abbie,Alejoa,Abbie.Alejoa@yopmail.com,Abbie.Alejoa@gmail.com,Czech Republic
2019,Level 1,Rochette,Bord,Rochette.Bord@yopmail.com,Rochette.Bord@gmail.com,Nauru
2018,Level 1,Sidoney,Gladstone,Sidoney.Gladstone@yopmail.com,Sidoney.Gladstone@gmail.com,"Congo, The Democratic Republic of the"
2008,Level 2,Nicoli,Bettine,Nicoli.Bettine@yopmail.com,Nicoli.Bettine@gmail.com,Yemen
2009,Level 4,Stevana,Alfons,Stevana.Alfons@yopmail.com,Stevana.Alfons@gmail.com,South Georgia and the South Sandwich Islands
2013,Level 3,Sam,Billye,Sam.Billye@yopmail.com,Sam.Billye@gmail.com,Iceland
2005,Level 2,Danika,Blase,Danika.Blase@yopmail.com,Danika.Blase@gmail.com,Seychelles
2005,Level 4,Imojean,Edee,Imojean.Edee@yopmail.com,Imojean.Edee@gmail.com,Mayotte
2007,Level 2,Sara-Ann,Mehalek,Sara-Ann.Mehalek@yopmail.com,Sara-Ann.Mehalek@gmail.com,Bosnia and Herzegovina
2016,Level 2,Carilyn,Khorma,Carilyn.Khorma@yopmail.com,Carilyn.Khorma@gmail.com,Burkina Faso
2001,Level 4,Aryn,Bach,Aryn.Bach@yopmail.com,Aryn.Bach@gmail.com,Cuba
2012,Level 2,Sybille,Franza,Sybille.Franza@yopmail.com,Sybille.Franza@gmail.com,Chad
2016,Level 4,Beverley,Felizio,Beverley.Felizio@yopmail.com,Beverley.Felizio@gmail.com,Pitcairn
2022,Level 1,Feliza,Isidore,Feliza.Isidore@yopmail.com,Feliza.Isidore@gmail.com,Argentina
2009,Level 1,Zondra,Maurine,Zondra.Maurine@yopmail.com,Zondra.Maurine@gmail.com,Peru
2013,Level 2,Hallie,Zrike,Hallie.Zrike@yopmail.com,Hallie.Zrike@gmail.com,Monaco
2002,Level 1,Taffy,Desai,Taffy.Desai@yopmail.com,Taffy.Desai@gmail.com,Libyan Arab Jamahiriya
2019,Level 3,Glynnis,Iiette,Glynnis.Iiette@yopmail.com,Glynnis.Iiette@gmail.com,"Taiwan, Province of China"
2009,Level 1,Shaylyn,Timon,Shaylyn.Timon@yopmail.com,Shaylyn.Timon@gmail.com,Guinea
2005,Level 1,Courtnay,Voletta,Courtnay.Voletta@yopmail.com,Courtnay.Voletta@gmail.com,Austria
2011,Level 2,Korrie,Pascia,Korrie.Pascia@yopmail.com,Korrie.Pascia@gmail.com,Oman
2006,Level 3,Eugine,Michella,Eugine.Michella@yopmail.com,Eugine.Michella@gmail.com,New Zealand
2015,Level 3,Brynna,Allys,Brynna.Allys@yopmail.com,Brynna.Allys@gmail.com,Gibraltar
2011,Level 2,Lorenza,Ovid,Lorenza.Ovid@yopmail.com,Lorenza.Ovid@gmail.com,Pakistan
2011,Level 2,Marguerite,Genna,Marguerite.Genna@yopmail.com,Marguerite.Genna@gmail.com,Belgium
2011,Level 1,Lindie,Eugenia,Lindie.Eugenia@yopmail.com,Lindie.Eugenia@gmail.com,Turks and Caicos Islands
2021,Level 1,Rubie,Astra,Rubie.Astra@yopmail.com,Rubie.Astra@gmail.com,El Salvador
2020,Level 2,Zondra,Lanita,Zondra.Lanita@yopmail.com,Zondra.Lanita@gmail.com,Poland
2004,Level 3,Annice,Lorain,Annice.Lorain@yopmail.com,Annice.Lorain@gmail.com,United Arab Emirates
2004,Level 1,Vonny,Rosalba,Vonny.Rosalba@yopmail.com,Vonny.Rosalba@gmail.com,Hong Kong
2014,Level 1,Shauna,Chaing,Shauna.Chaing@yopmail.com,Shauna.Chaing@gmail.com,Guinea-Bissau
2011,Level 1,Kathi,Uund,Kathi.Uund@yopmail.com,Kathi.Uund@gmail.com,Netherlands Antilles
2005,Level 3,Ana,Aurelio,Ana.Aurelio@yopmail.com,Ana.Aurelio@gmail.com,Svalbard and Jan Mayen
2007,Level 3,Benita,Bultman,Benita.Bultman@yopmail.com,Benita.Bultman@gmail.com,Finland
2010,Level 2,Arlina,Audly,Arlina.Audly@yopmail.com,Arlina.Audly@gmail.com,Greenland
2015,Level 1,Mireielle,Lymann,Mireielle.Lymann@yopmail.com,Mireielle.Lymann@gmail.com,Aruba
2000,Level 4,Tiffie,Wandie,Tiffie.Wandie@yopmail.com,Tiffie.Wandie@gmail.com,Martinique
2013,Level 1,Elise,Gualtiero,Elise.Gualtiero@yopmail.com,Elise.Gualtiero@gmail.com,Bahamas
2016,Level 1,Harmonia,Linskey,Harmonia.Linskey@yopmail.com,Harmonia.Linskey@gmail.com,Trinidad and Tobago
2000,Level 1,Blake,O'Carroll,Blake.O'Carroll@yopmail.com,Blake.O'Carroll@gmail.com,Iraq
2006,Level 3,Vevay,Linehan,Vevay.Linehan@yopmail.com,Vevay.Linehan@gmail.com,Azerbaijan
2010,Level 3,Pamella,Breed,Pamella.Breed@yopmail.com,Pamella.Breed@gmail.com,Norfolk Island
2001,Level 4,Bobinette,Nester,Bobinette.Nester@yopmail.com,Bobinette.Nester@gmail.com,Croatia
2009,Level 3,Sharai,Wattenberg,Sharai.Wattenberg@yopmail.com,Sharai.Wattenberg@gmail.com,Kazakhstan
2003,Level 2,Althea,Leler,Althea.Leler@yopmail.com,Althea.Leler@gmail.com,Sierra Leone
2016,Level 2,Miquela,Melleta,Miquela.Melleta@yopmail.com,Miquela.Melleta@gmail.com,Mexico
2004,Level 3,Valeda,Toor,Valeda.Toor@yopmail.com,Valeda.Toor@gmail.com,Canada
2014,Level 4,Micheline,Emerson,Micheline.Emerson@yopmail.com,Micheline.Emerson@gmail.com,Mauritius
2016,Level 4,Camile,Thomasina,Camile.Thomasina@yopmail.com,Camile.Thomasina@gmail.com,Tokelau
2004,Level 4,Sophia,Gamaliel,Sophia.Gamaliel@yopmail.com,Sophia.Gamaliel@gmail.com,Myanmar
2005,Level 1,Johna,Kirstin,Johna.Kirstin@yopmail.com,Johna.Kirstin@gmail.com,Nauru
2017,Level 1,Lindie,Chabot,Lindie.Chabot@yopmail.com,Lindie.Chabot@gmail.com,Finland
2001,Level 3,Shirlee,Raseda,Shirlee.Raseda@yopmail.com,Shirlee.Raseda@gmail.com,Morocco
2001,Level 3,Veda,Remmer,Veda.Remmer@yopmail.com,Veda.Remmer@gmail.com,"Macedonia, The Former Yugoslav Republic of"
2002,Level 2,Elyssa,An,Elyssa.An@yopmail.com,Elyssa.An@gmail.com,United Arab Emirates
2008,Level 1,Marita,Karl,Marita.Karl@yopmail.com,Marita.Karl@gmail.com,British Indian Ocean Territory
2003,Level 3,Lorne,Schonfeld,Lorne.Schonfeld@yopmail.com,Lorne.Schonfeld@gmail.com,Tonga
2017,Level 3,Edee,Hanleigh,Edee.Hanleigh@yopmail.com,Edee.Hanleigh@gmail.com,United States Minor Outlying Islands
2006,Level 2,Gerrie,Johnsson,Gerrie.Johnsson@yopmail.com,Gerrie.Johnsson@gmail.com,Luxembourg
2008,Level 2,Fernande,Clara,Fernande.Clara@yopmail.com,Fernande.Clara@gmail.com,Nauru
2019,Level 2,Alleen,Roarke,Alleen.Roarke@yopmail.com,Alleen.Roarke@gmail.com,Afghanistan
2016,Level 3,Tracey,Liva,Tracey.Liva@yopmail.com,Tracey.Liva@gmail.com,Latvia
2012,Level 2,Riannon,Emerson,Riannon.Emerson@yopmail.com,Riannon.Emerson@gmail.com,Gabon
2019,Level 1,Tami,Engdahl,Tami.Engdahl@yopmail.com,Tami.Engdahl@gmail.com,Burkina Faso
2014,Level 2,Vivia,Peti,Vivia.Peti@yopmail.com,Vivia.Peti@gmail.com,Seychelles
2013,Level 4,Tomasina,O'Rourke,Tomasina.O'Rourke@yopmail.com,Tomasina.O'Rourke@gmail.com,Bahamas
2019,Level 2,Dulcinea,Henebry,Dulcinea.Henebry@yopmail.com,Dulcinea.Henebry@gmail.com,Bulgaria
2017,Level 3,Clo,Rurik,Clo.Rurik@yopmail.com,Clo.Rurik@gmail.com,Kazakhstan
2014,Level 3,Jackie,Brandice,Jackie.Brandice@yopmail.com,Jackie.Brandice@gmail.com,United States Minor Outlying Islands
2015,Level 3,Marguerite,Neils,Marguerite.Neils@yopmail.com,Marguerite.Neils@gmail.com,Belarus
2016,Level 1,Emilia,Gregrory,Emilia.Gregrory@yopmail.com,Emilia.Gregrory@gmail.com,United Kingdom
2009,Level 2,Shel,Kazimir,Shel.Kazimir@yopmail.com,Shel.Kazimir@gmail.com,Netherlands
2010,Level 3,Molli,Sinegold,Molli.Sinegold@yopmail.com,Molli.Sinegold@gmail.com,Bolivia
2019,Level 4,Desirae,Alwin,Desirae.Alwin@yopmail.com,Desirae.Alwin@gmail.com,Christmas Island
2008,Level 1,Leontine,Gombach,Leontine.Gombach@yopmail.com,Leontine.Gombach@gmail.com,Spain
2017,Level 1,Norine,Elbertina,Norine.Elbertina@yopmail.com,Norine.Elbertina@gmail.com,Turkey
2001,Level 3,Mallory,Mandler,Mallory.Mandler@yopmail.com,Mallory.Mandler@gmail.com,Equatorial Guinea
2021,Level 3,Alameda,Autrey,Alameda.Autrey@yopmail.com,Alameda.Autrey@gmail.com,Fiji
2015,Level 3,Barbi,Paton,Barbi.Paton@yopmail.com,Barbi.Paton@gmail.com,Oman
2008,Level 1,Shannah,Caitlin,Shannah.Caitlin@yopmail.com,Shannah.Caitlin@gmail.com,Holy See (Vatican City State)
2003,Level 3,Lusa,Faria,Lusa.Faria@yopmail.com,Lusa.Faria@gmail.com,Croatia
2011,Level 4,Ermengarde,Laurianne,Ermengarde.Laurianne@yopmail.com,Ermengarde.Laurianne@gmail.com,Bosnia and Herzegovina
2006,Level 1,Belva,Lowry,Belva.Lowry@yopmail.com,Belva.Lowry@gmail.com,Bahamas
2021,Level 4,Ricky,Lalitta,Ricky.Lalitta@yopmail.com,Ricky.Lalitta@gmail.com,Cameroon
2001,Level 1,Sam,Santoro,Sam.Santoro@yopmail.com,Sam.Santoro@gmail.com,"Taiwan, Province of China"
2022,Level 3,Layla,Ferino,Layla.Ferino@yopmail.com,Layla.Ferino@gmail.com,Eritrea
2016,Level 1,Perry,Heisel,Perry.Heisel@yopmail.com,Perry.Heisel@gmail.com,France
2002,Level 1,Tarra,Sholley,Tarra.Sholley@yopmail.com,Tarra.Sholley@gmail.com,Mayotte
2018,Level 3,Kara-Lynn,Mich,Kara-Lynn.Mich@yopmail.com,Kara-Lynn.Mich@gmail.com,Marshall Islands
2002,Level 3,Ebonee,Lory,Ebonee.Lory@yopmail.com,Ebonee.Lory@gmail.com,Samoa
2003,Level 2,Hettie,Gilbertson,Hettie.Gilbertson@yopmail.com,Hettie.Gilbertson@gmail.com,Luxembourg
2020,Level 3,Natka,Aldric,Natka.Aldric@yopmail.com,Natka.Aldric@gmail.com,Gibraltar
2012,Level 2,Raquela,Jess,Raquela.Jess@yopmail.com,Raquela.Jess@gmail.com,Belize
2010,Level 1,Rubie,Garrison,Rubie.Garrison@yopmail.com,Rubie.Garrison@gmail.com,Guam
2003,Level 2,Tina,Andrel,Tina.Andrel@yopmail.com,Tina.Andrel@gmail.com,"Taiwan, Province of China"
2021,Level 2,Jackie,Gibbeon,Jackie.Gibbeon@yopmail.com,Jackie.Gibbeon@gmail.com,Angola
2017,Level 1,Silvana,Lymann,Silvana.Lymann@yopmail.com,Silvana.Lymann@gmail.com,Sweden
2009,Level 2,Hermione,Kare,Hermione.Kare@yopmail.com,Hermione.Kare@gmail.com,Maldives
2019,Level 3,Dawn,Goddard,Dawn.Goddard@yopmail.com,Dawn.Goddard@gmail.com,Timor-Leste
2009,Level 1,Lacie,Dorine,Lacie.Dorine@yopmail.com,Lacie.Dorine@gmail.com,Croatia
2010,Level 1,Elmira,Nikaniki,Elmira.Nikaniki@yopmail.com,Elmira.Nikaniki@gmail.com,Jamaica
2000,Level 2,Thalia,Maxi,Thalia.Maxi@yopmail.com,Thalia.Maxi@gmail.com,Dominica
2000,Level 1,Larine,Cullin,Larine.Cullin@yopmail.com,Larine.Cullin@gmail.com,Tonga
2021,Level 4,Mathilda,Ax,Mathilda.Ax@yopmail.com,Mathilda.Ax@gmail.com,Panama
2004,Level 1,Ulrike,Blase,Ulrike.Blase@yopmail.com,Ulrike.Blase@gmail.com,Oman
2017,Level 4,Ashlee,Ahab,Ashlee.Ahab@yopmail.com,Ashlee.Ahab@gmail.com,French Southern Territories
2011,Level 1,Aurelie,Burnside,Aurelie.Burnside@yopmail.com,Aurelie.Burnside@gmail.com,Zimbabwe
2013,Level 2,Rhoda,Schalles,Rhoda.Schalles@yopmail.com,Rhoda.Schalles@gmail.com,Niger
2001,Level 2,Glynnis,Cynar,Glynnis.Cynar@yopmail.com,Glynnis.Cynar@gmail.com,Norfolk Island
2000,Level 4,Laure,Ambrosia,Laure.Ambrosia@yopmail.com,Laure.Ambrosia@gmail.com,Cuba
2013,Level 2,Kimmy,Hamil,Kimmy.Hamil@yopmail.com,Kimmy.Hamil@gmail.com,Morocco
2014,Level 4,Lelah,Martguerita,Lelah.Martguerita@yopmail.com,Lelah.Martguerita@gmail.com,Comoros
2013,Level 3,Wanda,Vivle,Wanda.Vivle@yopmail.com,Wanda.Vivle@gmail.com,Hong Kong
2022,Level 2,Leontine,Adalbert,Leontine.Adalbert@yopmail.com,Leontine.Adalbert@gmail.com,"Palestinian Territory, Occupied"
2018,Level 3,Consuela,Rodmann,Consuela.Rodmann@yopmail.com,Consuela.Rodmann@gmail.com,Holy See (Vatican City State)
2010,Level 3,Dennie,Kosey,Dennie.Kosey@yopmail.com,Dennie.Kosey@gmail.com,Åland Islands
2010,Level 2,Ashlee,Carbo,Ashlee.Carbo@yopmail.com,Ashlee.Carbo@gmail.com,Ethiopia
2016,Level 2,Ileana,Baudin,Ileana.Baudin@yopmail.com,Ileana.Baudin@gmail.com,American Samoa
2017,Level 2,Viviene,Ingra,Viviene.Ingra@yopmail.com,Viviene.Ingra@gmail.com,Venezuela
2000,Level 3,Olwen,Pattin,Olwen.Pattin@yopmail.com,Olwen.Pattin@gmail.com,French Polynesia
2001,Level 3,Marcelline,Delila,Marcelline.Delila@yopmail.com,Marcelline.Delila@gmail.com,Burkina Faso
2018,Level 3,Annora,Darian,Annora.Darian@yopmail.com,Annora.Darian@gmail.com,Czech Republic
2005,Level 2,Lizzie,Sprage,Lizzie.Sprage@yopmail.com,Lizzie.Sprage@gmail.com,Kazakhstan
2002,Level 1,Genevra,Nunci,Genevra.Nunci@yopmail.com,Genevra.Nunci@gmail.com,Guam
2022,Level 4,Adele,Bethany,Adele.Bethany@yopmail.com,Adele.Bethany@gmail.com,Cambodia
2009,Level 4,Ardys,Ortrude,Ardys.Ortrude@yopmail.com,Ardys.Ortrude@gmail.com,Barbados
2001,Level 1,Chrystel,Kermit,Chrystel.Kermit@yopmail.com,Chrystel.Kermit@gmail.com,Venezuela
2016,Level 4,Viki,Pitt,Viki.Pitt@yopmail.com,Viki.Pitt@gmail.com,Chile
2002,Level 4,Susan,Pelagias,Susan.Pelagias@yopmail.com,Susan.Pelagias@gmail.com,Palau
2003,Level 1,Adele,Faust,Adele.Faust@yopmail.com,Adele.Faust@gmail.com,Holy See (Vatican City State)
2003,Level 2,Ronna,Mullane,Ronna.Mullane@yopmail.com,Ronna.Mullane@gmail.com,Svalbard and Jan Mayen
2008,Level 3,Ekaterina,Pauly,Ekaterina.Pauly@yopmail.com,Ekaterina.Pauly@gmail.com,Pitcairn
2003,Level 2,Alameda,Center,Alameda.Center@yopmail.com,Alameda.Center@gmail.com,Ghana
2019,Level 2,Chloris,Diann,Chloris.Diann@yopmail.com,Chloris.Diann@gmail.com,Panama
2001,Level 4,Florie,Fax,Florie.Fax@yopmail.com,Florie.Fax@gmail.com,Fiji
2016,Level 2,Meghann,Berl,Meghann.Berl@yopmail.com,Meghann.Berl@gmail.com,Sri Lanka
2017,Level 3,Lucille,Hartnett,Lucille.Hartnett@yopmail.com,Lucille.Hartnett@gmail.com,Guadeloupe
2010,Level 3,Xylina,Claudine,Xylina.Claudine@yopmail.com,Xylina.Claudine@gmail.com,Costa Rica
2021,Level 1,Lelah,Hull,Lelah.Hull@yopmail.com,Lelah.Hull@gmail.com,Congo
2007,Level 4,Gilligan,Bates,Gilligan.Bates@yopmail.com,Gilligan.Bates@gmail.com,San Marino
2004,Level 3,Libbie,Flita,Libbie.Flita@yopmail.com,Libbie.Flita@gmail.com,"Micronesia, Federated States of"
2019,Level 4,Vanessa,Niccolo,Vanessa.Niccolo@yopmail.com,Vanessa.Niccolo@gmail.com,Uzbekistan
2006,Level 2,Rhoda,Kylander,Rhoda.Kylander@yopmail.com,Rhoda.Kylander@gmail.com,Bahrain
2007,Level 2,Emilia,Gaal,Emilia.Gaal@yopmail.com,Emilia.Gaal@gmail.com,Finland
2020,Level 3,Marnia,Duwalt,Marnia.Duwalt@yopmail.com,Marnia.Duwalt@gmail.com,Tajikistan
2005,Level 3,Rani,Luhe,Rani.Luhe@yopmail.com,Rani.Luhe@gmail.com,Tajikistan
2016,Level 1,Sadie,Gino,Sadie.Gino@yopmail.com,Sadie.Gino@gmail.com,Saint Vincent and the Grenadines
2010,Level 1,Dacia,Monk,Dacia.Monk@yopmail.com,Dacia.Monk@gmail.com,Martinique
2015,Level 1,Allis,Guildroy,Allis.Guildroy@yopmail.com,Allis.Guildroy@gmail.com,Palau
2015,Level 2,Ruthe,Philipp,Ruthe.Philipp@yopmail.com,Ruthe.Philipp@gmail.com,South Africa
2005,Level 2,Bobinette,Colbert,Bobinette.Colbert@yopmail.com,Bobinette.Colbert@gmail.com,Afghanistan
2022,Level 1,Nickie,Wattenberg,Nickie.Wattenberg@yopmail.com,Nickie.Wattenberg@gmail.com,Comoros
2006,Level 4,Tilly,Ashok,Tilly.Ashok@yopmail.com,Tilly.Ashok@gmail.com,Bouvet Island
2007,Level 3,Joy,Suzetta,Joy.Suzetta@yopmail.com,Joy.Suzetta@gmail.com,Senegal
2003,Level 4,Rosanne,Ader,Rosanne.Ader@yopmail.com,Rosanne.Ader@gmail.com,Kyrgyzstan
2018,Level 1,Lulita,Andrel,Lulita.Andrel@yopmail.com,Lulita.Andrel@gmail.com,Estonia
2016,Level 3,Carilyn,Kermit,Carilyn.Kermit@yopmail.com,Carilyn.Kermit@gmail.com,Mongolia
2004,Level 1,Lolita,Maxi,Lolita.Maxi@yopmail.com,Lolita.Maxi@gmail.com,Saint Vincent and the Grenadines
2013,Level 3,Stacey,Eno,Stacey.Eno@yopmail.com,Stacey.Eno@gmail.com,Kenya
2015,Level 2,June,Waite,June.Waite@yopmail.com,June.Waite@gmail.com,Myanmar
2014,Level 1,Emelina,Mott,Emelina.Mott@yopmail.com,Emelina.Mott@gmail.com,Malaysia
2006,Level 3,Roxane,Harriman,Roxane.Harriman@yopmail.com,Roxane.Harriman@gmail.com,Germany
2009,Level 2,Celene,Cordi,Celene.Cordi@yopmail.com,Celene.Cordi@gmail.com,Afghanistan
2022,Level 4,Tatiania,Reinke,Tatiania.Reinke@yopmail.com,Tatiania.Reinke@gmail.com,French Polynesia
2019,Level 2,Misha,Lesley,Misha.Lesley@yopmail.com,Misha.Lesley@gmail.com,Uganda
2005,Level 1,Jere,Jerold,Jere.Jerold@yopmail.com,Jere.Jerold@gmail.com,Heard Island and Mcdonald Islands
2008,Level 3,Cissiee,Mozelle,Cissiee.Mozelle@yopmail.com,Cissiee.Mozelle@gmail.com,Equatorial Guinea
2006,Level 4,Edee,Zamora,Edee.Zamora@yopmail.com,Edee.Zamora@gmail.com,Saudi Arabia
2016,Level 2,Corly,Dom,Corly.Dom@yopmail.com,Corly.Dom@gmail.com,Reunion
2013,Level 3,Alie,Markman,Alie.Markman@yopmail.com,Alie.Markman@gmail.com,Togo
2014,Level 4,Aili,Modie,Aili.Modie@yopmail.com,Aili.Modie@gmail.com,Mongolia
2014,Level 2,Tamqrah,Colbert,Tamqrah.Colbert@yopmail.com,Tamqrah.Colbert@gmail.com,Liberia
2007,Level 3,Aubrie,Wilona,Aubrie.Wilona@yopmail.com,Aubrie.Wilona@gmail.com,Timor-Leste
2022,Level 1,Elie,Whiffen,Elie.Whiffen@yopmail.com,Elie.Whiffen@gmail.com,Nigeria
2013,Level 1,Odessa,Emerson,Odessa.Emerson@yopmail.com,Odessa.Emerson@gmail.com,New Zealand
2006,Level 3,Elora,Tippets,Elora.Tippets@yopmail.com,Elora.Tippets@gmail.com,Ireland
2012,Level 3,Carlie,Klotz,Carlie.Klotz@yopmail.com,Carlie.Klotz@gmail.com,Azerbaijan
2002,Level 1,Louella,Poll,Louella.Poll@yopmail.com,Louella.Poll@gmail.com,Mauritius
2016,Level 1,Elyssa,Rona,Elyssa.Rona@yopmail.com,Elyssa.Rona@gmail.com,Nauru
2017,Level 2,Tani,Gaulin,Tani.Gaulin@yopmail.com,Tani.Gaulin@gmail.com,Faroe Islands
2015,Level 1,Danika,Cynar,Danika.Cynar@yopmail.com,Danika.Cynar@gmail.com,Kyrgyzstan
2014,Level 2,Roberta,Shama,Roberta.Shama@yopmail.com,Roberta.Shama@gmail.com,Thailand
2004,Level 4,Sean,Vale,Sean.Vale@yopmail.com,Sean.Vale@gmail.com,Montserrat
2000,Level 4,Cathie,Raul,Cathie.Raul@yopmail.com,Cathie.Raul@gmail.com,Mayotte
2007,Level 1,Grier,Suk,Grier.Suk@yopmail.com,Grier.Suk@gmail.com,Martinique
2006,Level 2,Imojean,Melan,Imojean.Melan@yopmail.com,Imojean.Melan@gmail.com,British Indian Ocean Territory
2013,Level 2,Leontine,Chem,Leontine.Chem@yopmail.com,Leontine.Chem@gmail.com,Mauritius
2020,Level 3,Susan,Ietta,Susan.Ietta@yopmail.com,Susan.Ietta@gmail.com,Samoa
2003,Level 2,Wendi,Colp,Wendi.Colp@yopmail.com,Wendi.Colp@gmail.com,Germany
2018,Level 4,Gusty,Lumbard,Gusty.Lumbard@yopmail.com,Gusty.Lumbard@gmail.com,Åland Islands
2021,Level 1,Susette,Hillel,Susette.Hillel@yopmail.com,Susette.Hillel@gmail.com,Tunisia
2013,Level 1,Gilligan,Carbo,Gilligan.Carbo@yopmail.com,Gilligan.Carbo@gmail.com,Kiribati
2020,Level 2,Mignon,Publia,Mignon.Publia@yopmail.com,Mignon.Publia@gmail.com,Belarus
2012,Level 1,Fidelia,Afton,Fidelia.Afton@yopmail.com,Fidelia.Afton@gmail.com,Cambodia
2015,Level 1,Gerrie,Stanwood,Gerrie.Stanwood@yopmail.com,Gerrie.Stanwood@gmail.com,Palau
2018,Level 4,Micheline,Newell,Micheline.Newell@yopmail.com,Micheline.Newell@gmail.com,Netherlands
2017,Level 4,Ninnetta,Destinee,Ninnetta.Destinee@yopmail.com,Ninnetta.Destinee@gmail.com,Argentina
2012,Level 2,Fina,Hebner,Fina.Hebner@yopmail.com,Fina.Hebner@gmail.com,Chile
2020,Level 3,Laurene,Means,Laurene.Means@yopmail.com,Laurene.Means@gmail.com,Grenada
2020,Level 2,Valli,Standing,Valli.Standing@yopmail.com,Valli.Standing@gmail.com,Central African Republic
2006,Level 3,Tarra,Macey,Tarra.Macey@yopmail.com,Tarra.Macey@gmail.com,Botswana
2008,Level 4,Ronna,Lynn,Ronna.Lynn@yopmail.com,Ronna.Lynn@gmail.com,Guadeloupe
2018,Level 3,Tracey,Chobot,Tracey.Chobot@yopmail.com,Tracey.Chobot@gmail.com,Netherlands Antilles
2014,Level 2,Florencia,Han,Florencia.Han@yopmail.com,Florencia.Han@gmail.com,"Moldova, Republic of"
2014,Level 2,Claresta,Lunsford,Claresta.Lunsford@yopmail.com,Claresta.Lunsford@gmail.com,"Iran, Islamic Republic Of"
2004,Level 4,Annaliese,Vivle,Annaliese.Vivle@yopmail.com,Annaliese.Vivle@gmail.com,Uzbekistan
2014,Level 2,Dede,Erlandson,Dede.Erlandson@yopmail.com,Dede.Erlandson@gmail.com,French Polynesia
2019,Level 4,Korrie,Mich,Korrie.Mich@yopmail.com,Korrie.Mich@gmail.com,Samoa
2003,Level 4,Bettine,Paton,Bettine.Paton@yopmail.com,Bettine.Paton@gmail.com,Saint Helena
2000,Level 4,Barbara,Mike,Barbara.Mike@yopmail.com,Barbara.Mike@gmail.com,French Guiana
2022,Level 4,Raina,Drus,Raina.Drus@yopmail.com,Raina.Drus@gmail.com,Bangladesh
2017,Level 3,Heida,Magdalen,Heida.Magdalen@yopmail.com,Heida.Magdalen@gmail.com,Christmas Island
2016,Level 1,Mariele,Ade,Mariele.Ade@yopmail.com,Mariele.Ade@gmail.com,Antigua and Barbuda
2000,Level 1,Merle,Yusuk,Merle.Yusuk@yopmail.com,Merle.Yusuk@gmail.com,Sierra Leone
2020,Level 4,Coral,Toor,Coral.Toor@yopmail.com,Coral.Toor@gmail.com,Turkey
2006,Level 3,Briney,Klemperer,Briney.Klemperer@yopmail.com,Briney.Klemperer@gmail.com,Afghanistan
2008,Level 4,Gwyneth,Dunkin,Gwyneth.Dunkin@yopmail.com,Gwyneth.Dunkin@gmail.com,Heard Island and Mcdonald Islands
2009,Level 2,Gerianna,Francene,Gerianna.Francene@yopmail.com,Gerianna.Francene@gmail.com,Poland
2013,Level 3,Viki,Destinee,Viki.Destinee@yopmail.com,Viki.Destinee@gmail.com,Reunion
2001,Level 2,Jerry,Zola,Jerry.Zola@yopmail.com,Jerry.Zola@gmail.com,French Guiana
2009,Level 1,Libbie,Maurine,Libbie.Maurine@yopmail.com,Libbie.Maurine@gmail.com,San Marino
2010,Level 3,Cyndie,Lucienne,Cyndie.Lucienne@yopmail.com,Cyndie.Lucienne@gmail.com,Saint Pierre and Miquelon
2022,Level 3,Elsie,Catie,Elsie.Catie@yopmail.com,Elsie.Catie@gmail.com,Oman
2005,Level 1,Maridel,Niccolo,Maridel.Niccolo@yopmail.com,Maridel.Niccolo@gmail.com,El Salvador
2008,Level 1,Helsa,Hanleigh,Helsa.Hanleigh@yopmail.com,Helsa.Hanleigh@gmail.com,Pakistan
2006,Level 3,Leia,Jacobah,Leia.Jacobah@yopmail.com,Leia.Jacobah@gmail.com,Macao
2010,Level 4,Ariela,Thar,Ariela.Thar@yopmail.com,Ariela.Thar@gmail.com,Maldives
2006,Level 2,Carlie,Even,Carlie.Even@yopmail.com,Carlie.Even@gmail.com,Argentina
2020,Level 1,Kate,Parsaye,Kate.Parsaye@yopmail.com,Kate.Parsaye@gmail.com,Guatemala
2001,Level 1,Cindelyn,Jefferey,Cindelyn.Jefferey@yopmail.com,Cindelyn.Jefferey@gmail.com,Brunei Darussalam
2003,Level 2,Marcelline,Sprage,Marcelline.Sprage@yopmail.com,Marcelline.Sprage@gmail.com,"Micronesia, Federated States of"
2020,Level 1,Kylynn,Karna,Kylynn.Karna@yopmail.com,Kylynn.Karna@gmail.com,"Virgin Islands, U.S."
2011,Level 1,Addia,Ruvolo,Addia.Ruvolo@yopmail.com,Addia.Ruvolo@gmail.com,Eritrea
2021,Level 1,Ermengarde,Lytton,Ermengarde.Lytton@yopmail.com,Ermengarde.Lytton@gmail.com,Bhutan
2018,Level 1,Tomasina,Uund,Tomasina.Uund@yopmail.com,Tomasina.Uund@gmail.com,Wallis and Futuna
2006,Level 2,Kaja,Denis,Kaja.Denis@yopmail.com,Kaja.Denis@gmail.com,Cameroon
2019,Level 2,Lizzie,Howlyn,Lizzie.Howlyn@yopmail.com,Lizzie.Howlyn@gmail.com,Cambodia
2011,Level 2,Valli,Wiener,Valli.Wiener@yopmail.com,Valli.Wiener@gmail.com,Guinea
2006,Level 1,Daune,Korey,Daune.Korey@yopmail.com,Daune.Korey@gmail.com,Sierra Leone
2018,Level 1,Dagmar,Gibbeon,Dagmar.Gibbeon@yopmail.com,Dagmar.Gibbeon@gmail.com,Saint Vincent and the Grenadines
2004,Level 3,Georgetta,Firmin,Georgetta.Firmin@yopmail.com,Georgetta.Firmin@gmail.com,Haiti
2016,Level 2,Nananne,Joeann,Nananne.Joeann@yopmail.com,Nananne.Joeann@gmail.com,Tokelau
2012,Level 3,Shannah,Danby,Shannah.Danby@yopmail.com,Shannah.Danby@gmail.com,Gabon
2015,Level 2,Mariann,Martsen,Mariann.Martsen@yopmail.com,Mariann.Martsen@gmail.com,Ireland
2015,Level 4,Norine,Madox,Norine.Madox@yopmail.com,Norine.Madox@gmail.com,Bahrain
2014,Level 1,Kimberley,Viddah,Kimberley.Viddah@yopmail.com,Kimberley.Viddah@gmail.com,Argentina
2001,Level 3,Lita,Astra,Lita.Astra@yopmail.com,Lita.Astra@gmail.com,Tunisia
2022,Level 1,Harrietta,Levey,Harrietta.Levey@yopmail.com,Harrietta.Levey@gmail.com,Tokelau
2004,Level 3,Carly,Georgy,Carly.Georgy@yopmail.com,Carly.Georgy@gmail.com,Antigua and Barbuda
2006,Level 2,Leanna,Hilbert,Leanna.Hilbert@yopmail.com,Leanna.Hilbert@gmail.com,United Kingdom
2017,Level 4,Eve,Han,Eve.Han@yopmail.com,Eve.Han@gmail.com,Zambia
2015,Level 1,Jean,Swigart,Jean.Swigart@yopmail.com,Jean.Swigart@gmail.com,Slovenia
2021,Level 4,Nelle,Olnee,Nelle.Olnee@yopmail.com,Nelle.Olnee@gmail.com,United States Minor Outlying Islands
2022,Level 3,Frank,Janith,Frank.Janith@yopmail.com,Frank.Janith@gmail.com,Montserrat
2007,Level 4,Meghann,Buffum,Meghann.Buffum@yopmail.com,Meghann.Buffum@gmail.com,Reunion
2008,Level 2,Eugine,Kosey,Eugine.Kosey@yopmail.com,Eugine.Kosey@gmail.com,Netherlands Antilles
2019,Level 1,Jaclyn,Adlare,Jaclyn.Adlare@yopmail.com,Jaclyn.Adlare@gmail.com,Albania
2022,Level 3,Katleen,Cynar,Katleen.Cynar@yopmail.com,Katleen.Cynar@gmail.com,AndorrA
2015,Level 2,Shaylyn,Pierette,Shaylyn.Pierette@yopmail.com,Shaylyn.Pierette@gmail.com,Mali
2013,Level 3,Pearline,Harned,Pearline.Harned@yopmail.com,Pearline.Harned@gmail.com,Netherlands Antilles
2007,Level 4,Kaja,Erich,Kaja.Erich@yopmail.com,Kaja.Erich@gmail.com,Mauritius
2009,Level 2,Cherilyn,Parette,Cherilyn.Parette@yopmail.com,Cherilyn.Parette@gmail.com,"Virgin Islands, British"
2002,Level 1,Mireielle,Dominy,Mireielle.Dominy@yopmail.com,Mireielle.Dominy@gmail.com,Tunisia
2008,Level 4,Nonnah,Richers,Nonnah.Richers@yopmail.com,Nonnah.Richers@gmail.com,Yemen
2016,Level 2,Lauryn,Eldrid,Lauryn.Eldrid@yopmail.com,Lauryn.Eldrid@gmail.com,Marshall Islands
2018,Level 4,Loree,Atcliffe,Loree.Atcliffe@yopmail.com,Loree.Atcliffe@gmail.com,Netherlands Antilles
2021,Level 4,Annora,Tjon,Annora.Tjon@yopmail.com,Annora.Tjon@gmail.com,Åland Islands
2011,Level 1,Zaria,Mott,Zaria.Mott@yopmail.com,Zaria.Mott@gmail.com,Cook Islands
2007,Level 3,Mara,Maiah,Mara.Maiah@yopmail.com,Mara.Maiah@gmail.com,Australia
2022,Level 3,Danny,Bryna,Danny.Bryna@yopmail.com,Danny.Bryna@gmail.com,Faroe Islands
2018,Level 1,Brynna,Armanda,Brynna.Armanda@yopmail.com,Brynna.Armanda@gmail.com,Guernsey
2022,Level 3,Mary,Klemperer,Mary.Klemperer@yopmail.com,Mary.Klemperer@gmail.com,Bahrain
2006,Level 2,Lynnea,Liva,Lynnea.Liva@yopmail.com,Lynnea.Liva@gmail.com,Philippines
2021,Level 2,Berta,Melan,Berta.Melan@yopmail.com,Berta.Melan@gmail.com,Uganda
2015,Level 4,Aimil,Virgin,Aimil.Virgin@yopmail.com,Aimil.Virgin@gmail.com,Central African Republic
2011,Level 1,Katuscha,LaRue,Katuscha.LaRue@yopmail.com,Katuscha.LaRue@gmail.com,Holy See (Vatican City State)
2000,Level 1,Cherilyn,Fitzsimmons,Cherilyn.Fitzsimmons@yopmail.com,Cherilyn.Fitzsimmons@gmail.com,Malta
2016,Level 3,Stevana,Gerge,Stevana.Gerge@yopmail.com,Stevana.Gerge@gmail.com,Bouvet Island
2008,Level 3,Gloria,O'Carroll,Gloria.O'Carroll@yopmail.com,Gloria.O'Carroll@gmail.com,Faroe Islands
2001,Level 1,Hayley,Guildroy,Hayley.Guildroy@yopmail.com,Hayley.Guildroy@gmail.com,Mongolia
2001,Level 1,Dania,Bates,Dania.Bates@yopmail.com,Dania.Bates@gmail.com,Germany
2012,Level 4,Millie,Schonfeld,Millie.Schonfeld@yopmail.com,Millie.Schonfeld@gmail.com,Swaziland
2006,Level 3,Cyndie,MacIntosh,Cyndie.MacIntosh@yopmail.com,Cyndie.MacIntosh@gmail.com,Mayotte
2003,Level 2,Renae,Screens,Renae.Screens@yopmail.com,Renae.Screens@gmail.com,Uganda
2015,Level 2,Janenna,Izaak,Janenna.Izaak@yopmail.com,Janenna.Izaak@gmail.com,Mongolia
2002,Level 1,Fanchon,Reneta,Fanchon.Reneta@yopmail.com,Fanchon.Reneta@gmail.com,Cuba
2003,Level 1,Aurelie,Gaspard,Aurelie.Gaspard@yopmail.com,Aurelie.Gaspard@gmail.com,American Samoa
2003,Level 4,Louella,Gaynor,Louella.Gaynor@yopmail.com,Louella.Gaynor@gmail.com,Benin
2011,Level 3,Livvyy,Cohdwell,Livvyy.Cohdwell@yopmail.com,Livvyy.Cohdwell@gmail.com,Cook Islands
2021,Level 1,Lily,Sacken,Lily.Sacken@yopmail.com,Lily.Sacken@gmail.com,Ukraine
2011,Level 3,Lilith,Levey,Lilith.Levey@yopmail.com,Lilith.Levey@gmail.com,Monaco
2013,Level 1,Cassandra,Baylor,Cassandra.Baylor@yopmail.com,Cassandra.Baylor@gmail.com,Togo
2006,Level 3,Lorenza,Jillane,Lorenza.Jillane@yopmail.com,Lorenza.Jillane@gmail.com,"Virgin Islands, U.S."
2014,Level 3,Gabriellia,Bouchard,Gabriellia.Bouchard@yopmail.com,Gabriellia.Bouchard@gmail.com,Cuba
2017,Level 1,Ida,Buttaro,Ida.Buttaro@yopmail.com,Ida.Buttaro@gmail.com,Indonesia
2009,Level 3,Minne,Mayeda,Minne.Mayeda@yopmail.com,Minne.Mayeda@gmail.com,Saint Helena
2000,Level 4,Mariann,Anestassia,Mariann.Anestassia@yopmail.com,Mariann.Anestassia@gmail.com,Heard Island and Mcdonald Islands
2019,Level 2,Bee,Fancie,Bee.Fancie@yopmail.com,Bee.Fancie@gmail.com,"Taiwan, Province of China"
2008,Level 1,Lorie,Bari,Lorie.Bari@yopmail.com,Lorie.Bari@gmail.com,Dominica
2014,Level 1,Elbertina,Jena,Elbertina.Jena@yopmail.com,Elbertina.Jena@gmail.com,Morocco
2021,Level 1,Dacia,Percy,Dacia.Percy@yopmail.com,Dacia.Percy@gmail.com,Solomon Islands
2002,Level 4,Nessie,Harned,Nessie.Harned@yopmail.com,Nessie.Harned@gmail.com,Guadeloupe
2018,Level 4,Carmela,Burkle,Carmela.Burkle@yopmail.com,Carmela.Burkle@gmail.com,"Virgin Islands, British"
2001,Level 2,Janeczka,Ardeha,Janeczka.Ardeha@yopmail.com,Janeczka.Ardeha@gmail.com,Qatar
2005,Level 1,Lyssa,Emanuel,Lyssa.Emanuel@yopmail.com,Lyssa.Emanuel@gmail.com,Zimbabwe
2008,Level 1,Gianina,Mathilde,Gianina.Mathilde@yopmail.com,Gianina.Mathilde@gmail.com,Liberia
2000,Level 4,Bill,Maxi,Bill.Maxi@yopmail.com,Bill.Maxi@gmail.com,"Macedonia, The Former Yugoslav Republic of"
2020,Level 1,Jerry,Wilkinson,Jerry.Wilkinson@yopmail.com,Jerry.Wilkinson@gmail.com,Bolivia
2008,Level 1,Wilma,Frodi,Wilma.Frodi@yopmail.com,Wilma.Frodi@gmail.com,Iraq
2005,Level 1,Jean,Junie,Jean.Junie@yopmail.com,Jean.Junie@gmail.com,Cayman Islands
2018,Level 2,Coral,Yoko,Coral.Yoko@yopmail.com,Coral.Yoko@gmail.com,Costa Rica
2007,Level 3,Shaylyn,Even,Shaylyn.Even@yopmail.com,Shaylyn.Even@gmail.com,New Caledonia
2016,Level 3,Jenda,Kosey,Jenda.Kosey@yopmail.com,Jenda.Kosey@gmail.com,San Marino
2016,Level 2,Sindee,Bahr,Sindee.Bahr@yopmail.com,Sindee.Bahr@gmail.com,Saint Pierre and Miquelon
2012,Level 1,Darci,Mendez,Darci.Mendez@yopmail.com,Darci.Mendez@gmail.com,Indonesia
2013,Level 4,Chrystel,Janene,Chrystel.Janene@yopmail.com,Chrystel.Janene@gmail.com,Grenada
2015,Level 2,Aimil,Poppy,Aimil.Poppy@yopmail.com,Aimil.Poppy@gmail.com,Jersey
2013,Level 1,Kara-Lynn,Jalbert,Kara-Lynn.Jalbert@yopmail.com,Kara-Lynn.Jalbert@gmail.com,Solomon Islands
2006,Level 2,Kelly,Bohlin,Kelly.Bohlin@yopmail.com,Kelly.Bohlin@gmail.com,Sudan
2002,Level 3,Dode,Reneta,Dode.Reneta@yopmail.com,Dode.Reneta@gmail.com,Angola
2012,Level 2,Tonia,Chapland,Tonia.Chapland@yopmail.com,Tonia.Chapland@gmail.com,Jersey
2017,Level 3,Sharlene,Goerke,Sharlene.Goerke@yopmail.com,Sharlene.Goerke@gmail.com,French Southern Territories
2005,Level 3,Zaria,Zitvaa,Zaria.Zitvaa@yopmail.com,Zaria.Zitvaa@gmail.com,Mongolia
2018,Level 2,Perry,Fredi,Perry.Fredi@yopmail.com,Perry.Fredi@gmail.com,Pakistan
2019,Level 3,Kayla,Jethro,Kayla.Jethro@yopmail.com,Kayla.Jethro@gmail.com,Gibraltar
2017,Level 3,Modestia,Hedve,Modestia.Hedve@yopmail.com,Modestia.Hedve@gmail.com,Antarctica
2016,Level 3,Ariela,Philoo,Ariela.Philoo@yopmail.com,Ariela.Philoo@gmail.com,Holy See (Vatican City State)
2020,Level 3,Tomasina,Sophronia,Tomasina.Sophronia@yopmail.com,Tomasina.Sophronia@gmail.com,Norfolk Island
2000,Level 4,Mariann,Hunfredo,Mariann.Hunfredo@yopmail.com,Mariann.Hunfredo@gmail.com,Yemen
2000,Level 3,Laure,Izaak,Laure.Izaak@yopmail.com,Laure.Izaak@gmail.com,Turkey
2014,Level 3,Randa,Loeb,Randa.Loeb@yopmail.com,Randa.Loeb@gmail.com,Brunei Darussalam
2002,Level 1,Henriette,Moina,Henriette.Moina@yopmail.com,Henriette.Moina@gmail.com,Canada
2009,Level 3,Chrystel,Corilla,Chrystel.Corilla@yopmail.com,Chrystel.Corilla@gmail.com,South Africa
2012,Level 1,Ileana,Juliet,Ileana.Juliet@yopmail.com,Ileana.Juliet@gmail.com,Colombia
2015,Level 2,Angelique,Cosenza,Angelique.Cosenza@yopmail.com,Angelique.Cosenza@gmail.com,Saint Lucia
2004,Level 4,Anestassia,Anderea,Anestassia.Anderea@yopmail.com,Anestassia.Anderea@gmail.com,Åland Islands
2010,Level 3,Karina,Firmin,Karina.Firmin@yopmail.com,Karina.Firmin@gmail.com,Cambodia
2013,Level 1,Lily,Gherardo,Lily.Gherardo@yopmail.com,Lily.Gherardo@gmail.com,Azerbaijan
2009,Level 1,Nananne,Lareena,Nananne.Lareena@yopmail.com,Nananne.Lareena@gmail.com,Gabon
2014,Level 4,Pollyanna,Primalia,Pollyanna.Primalia@yopmail.com,Pollyanna.Primalia@gmail.com,Guyana
2009,Level 4,Devina,Kannry,Devina.Kannry@yopmail.com,Devina.Kannry@gmail.com,Armenia
2002,Level 2,Cristine,Maiah,Cristine.Maiah@yopmail.com,Cristine.Maiah@gmail.com,Yemen
2006,Level 2,Thalia,Woodberry,Thalia.Woodberry@yopmail.com,Thalia.Woodberry@gmail.com,Sao Tome and Principe
2011,Level 1,Isa,MacIntosh,Isa.MacIntosh@yopmail.com,Isa.MacIntosh@gmail.com,"Virgin Islands, British"
2005,Level 4,Beverley,Tremayne,Beverley.Tremayne@yopmail.com,Beverley.Tremayne@gmail.com,Belize
2017,Level 3,Gavrielle,Daniele,Gavrielle.Daniele@yopmail.com,Gavrielle.Daniele@gmail.com,Pakistan
2019,Level 3,Deedee,Candy,Deedee.Candy@yopmail.com,Deedee.Candy@gmail.com,Kuwait
2013,Level 3,Carlie,Lia,Carlie.Lia@yopmail.com,Carlie.Lia@gmail.com,Jamaica
2021,Level 1,Jolyn,Nickola,Jolyn.Nickola@yopmail.com,Jolyn.Nickola@gmail.com,Netherlands
2018,Level 1,Trixi,Iiette,Trixi.Iiette@yopmail.com,Trixi.Iiette@gmail.com,Italy
2005,Level 1,Yvonne,Holtz,Yvonne.Holtz@yopmail.com,Yvonne.Holtz@gmail.com,Anguilla
2011,Level 4,Shel,Cosenza,Shel.Cosenza@yopmail.com,Shel.Cosenza@gmail.com,Djibouti
2020,Level 1,Lila,Dannye,Lila.Dannye@yopmail.com,Lila.Dannye@gmail.com,Saint Kitts and Nevis
2011,Level 1,Feliza,Clara,Feliza.Clara@yopmail.com,Feliza.Clara@gmail.com,Botswana
2015,Level 1,Catrina,Talia,Catrina.Talia@yopmail.com,Catrina.Talia@gmail.com,Guatemala
2008,Level 4,Tonia,Dominy,Tonia.Dominy@yopmail.com,Tonia.Dominy@gmail.com,Bulgaria
2004,Level 1,Lilith,Gower,Lilith.Gower@yopmail.com,Lilith.Gower@gmail.com,Mozambique
2022,Level 2,Rori,Selway,Rori.Selway@yopmail.com,Rori.Selway@gmail.com,Greenland
2012,Level 2,Rani,Teddman,Rani.Teddman@yopmail.com,Rani.Teddman@gmail.com,Georgia
2014,Level 1,Carmencita,Rooney,Carmencita.Rooney@yopmail.com,Carmencita.Rooney@gmail.com,Lithuania
2008,Level 4,Sabina,Sekofski,Sabina.Sekofski@yopmail.com,Sabina.Sekofski@gmail.com,Kyrgyzstan
2020,Level 3,Amii,Merriott,Amii.Merriott@yopmail.com,Amii.Merriott@gmail.com,Switzerland
2007,Level 4,Hyacinthe,Linehan,Hyacinthe.Linehan@yopmail.com,Hyacinthe.Linehan@gmail.com,Iceland
2016,Level 2,Theodora,Riva,Theodora.Riva@yopmail.com,Theodora.Riva@gmail.com,Bahrain
2022,Level 4,Keelia,Tengdin,Keelia.Tengdin@yopmail.com,Keelia.Tengdin@gmail.com,Lebanon
2017,Level 1,Andeee,Darrell,Andeee.Darrell@yopmail.com,Andeee.Darrell@gmail.com,Bahrain
2009,Level 1,Stacey,Stelle,Stacey.Stelle@yopmail.com,Stacey.Stelle@gmail.com,Portugal
2006,Level 1,Ninnetta,Bakerman,Ninnetta.Bakerman@yopmail.com,Ninnetta.Bakerman@gmail.com,Saint Lucia
2021,Level 1,Tarra,Vivle,Tarra.Vivle@yopmail.com,Tarra.Vivle@gmail.com,"Iran, Islamic Republic Of"
2012,Level 3,Estell,Yoko,Estell.Yoko@yopmail.com,Estell.Yoko@gmail.com,Ecuador
2019,Level 4,Caryl,Milson,Caryl.Milson@yopmail.com,Caryl.Milson@gmail.com,Russian Federation
2011,Level 3,Carmencita,Riordan,Carmencita.Riordan@yopmail.com,Carmencita.Riordan@gmail.com,Fiji
2001,Level 3,Teriann,Kenney,Teriann.Kenney@yopmail.com,Teriann.Kenney@gmail.com,Jamaica
2017,Level 4,Patricia,Myrilla,Patricia.Myrilla@yopmail.com,Patricia.Myrilla@gmail.com,Saint Kitts and Nevis
2014,Level 3,Doralynne,Yorick,Doralynne.Yorick@yopmail.com,Doralynne.Yorick@gmail.com,"Iran, Islamic Republic Of"
2006,Level 1,Lonnie,Sparhawk,Lonnie.Sparhawk@yopmail.com,Lonnie.Sparhawk@gmail.com,Vanuatu
2009,Level 4,Danika,Yam,Danika.Yam@yopmail.com,Danika.Yam@gmail.com,Nauru
2000,Level 1,Lily,Ophelia,Lily.Ophelia@yopmail.com,Lily.Ophelia@gmail.com,Uzbekistan
2004,Level 4,Kelly,Gibbeon,Kelly.Gibbeon@yopmail.com,Kelly.Gibbeon@gmail.com,Azerbaijan
2008,Level 1,Kary,McNully,Kary.McNully@yopmail.com,Kary.McNully@gmail.com,Uzbekistan
2001,Level 1,Gwyneth,Melleta,Gwyneth.Melleta@yopmail.com,Gwyneth.Melleta@gmail.com,Belize
2016,Level 1,Nickie,Casimir,Nickie.Casimir@yopmail.com,Nickie.Casimir@gmail.com,Bouvet Island
2011,Level 3,Hermione,Capello,Hermione.Capello@yopmail.com,Hermione.Capello@gmail.com,Argentina
2021,Level 4,Tori,Mayeda,Tori.Mayeda@yopmail.com,Tori.Mayeda@gmail.com,Fiji
2001,Level 1,Clo,Candy,Clo.Candy@yopmail.com,Clo.Candy@gmail.com,Saint Lucia
2018,Level 3,Abbie,Gaal,Abbie.Gaal@yopmail.com,Abbie.Gaal@gmail.com,Costa Rica
2012,Level 4,Blake,Etom,Blake.Etom@yopmail.com,Blake.Etom@gmail.com,Liberia
2006,Level 1,Averyl,Turne,Averyl.Turne@yopmail.com,Averyl.Turne@gmail.com,Armenia
2021,Level 1,Lacie,Liva,Lacie.Liva@yopmail.com,Lacie.Liva@gmail.com,Azerbaijan
2002,Level 4,Wileen,Edee,Wileen.Edee@yopmail.com,Wileen.Edee@gmail.com,El Salvador
2011,Level 2,Annecorinne,Tjon,Annecorinne.Tjon@yopmail.com,Annecorinne.Tjon@gmail.com,Turkmenistan
2016,Level 2,Averyl,Yoko,Averyl.Yoko@yopmail.com,Averyl.Yoko@gmail.com,Nigeria
2012,Level 1,Carolina,Stephie,Carolina.Stephie@yopmail.com,Carolina.Stephie@gmail.com,Dominican Republic
2018,Level 4,Jessamyn,Yam,Jessamyn.Yam@yopmail.com,Jessamyn.Yam@gmail.com,"Iran, Islamic Republic Of"
2004,Level 3,Carree,Shaddock,Carree.Shaddock@yopmail.com,Carree.Shaddock@gmail.com,Guyana
2004,Level 1,Bertine,Trey,Bertine.Trey@yopmail.com,Bertine.Trey@gmail.com,Seychelles
2014,Level 3,Orelia,Parsaye,Orelia.Parsaye@yopmail.com,Orelia.Parsaye@gmail.com,Bahrain
2022,Level 4,Brandise,Kathie,Brandise.Kathie@yopmail.com,Brandise.Kathie@gmail.com,Mongolia
2008,Level 1,Ellette,Gert,Ellette.Gert@yopmail.com,Ellette.Gert@gmail.com,Kenya
2006,Level 3,Cacilie,Bobbee,Cacilie.Bobbee@yopmail.com,Cacilie.Bobbee@gmail.com,Iceland
2006,Level 4,Fred,Toor,Fred.Toor@yopmail.com,Fred.Toor@gmail.com,China
2020,Level 4,Regina,Lacombe,Regina.Lacombe@yopmail.com,Regina.Lacombe@gmail.com,Gambia
2002,Level 3,Selia,Wareing,Selia.Wareing@yopmail.com,Selia.Wareing@gmail.com,Georgia
2022,Level 2,Kathy,Percy,Kathy.Percy@yopmail.com,Kathy.Percy@gmail.com,Guernsey
2013,Level 1,Catharine,Cassius,Catharine.Cassius@yopmail.com,Catharine.Cassius@gmail.com,Gambia
2002,Level 4,Queenie,Craggie,Queenie.Craggie@yopmail.com,Queenie.Craggie@gmail.com,Austria
2000,Level 4,Pierette,Sherfield,Pierette.Sherfield@yopmail.com,Pierette.Sherfield@gmail.com,Chad
2003,Level 4,Millie,Jenness,Millie.Jenness@yopmail.com,Millie.Jenness@gmail.com,Ireland
2007,Level 3,Debee,Wyn,Debee.Wyn@yopmail.com,Debee.Wyn@gmail.com,"Iran, Islamic Republic Of"
2002,Level 3,Pamella,Thar,Pamella.Thar@yopmail.com,Pamella.Thar@gmail.com,United Kingdom
2001,Level 2,Catharine,Iphlgenia,Catharine.Iphlgenia@yopmail.com,Catharine.Iphlgenia@gmail.com,Cayman Islands
2001,Level 1,Reeba,Corabella,Reeba.Corabella@yopmail.com,Reeba.Corabella@gmail.com,Equatorial Guinea
2001,Level 4,Dorice,Marsden,Dorice.Marsden@yopmail.com,Dorice.Marsden@gmail.com,Barbados
2005,Level 2,Willetta,Hoenack,Willetta.Hoenack@yopmail.com,Willetta.Hoenack@gmail.com,Vanuatu
2001,Level 3,Yvonne,Charmine,Yvonne.Charmine@yopmail.com,Yvonne.Charmine@gmail.com,Serbia and Montenegro
2006,Level 2,Sonni,Zachary,Sonni.Zachary@yopmail.com,Sonni.Zachary@gmail.com,Czech Republic
2001,Level 3,Tamqrah,Kirstin,Tamqrah.Kirstin@yopmail.com,Tamqrah.Kirstin@gmail.com,Togo
2019,Level 1,Steffane,Chrystel,Steffane.Chrystel@yopmail.com,Steffane.Chrystel@gmail.com,Argentina
2003,Level 1,Melodie,Arathorn,Melodie.Arathorn@yopmail.com,Melodie.Arathorn@gmail.com,Guatemala
2019,Level 3,Dorene,Hubert,Dorene.Hubert@yopmail.com,Dorene.Hubert@gmail.com,Nepal
2013,Level 2,Silvana,Beebe,Silvana.Beebe@yopmail.com,Silvana.Beebe@gmail.com,British Indian Ocean Territory
2018,Level 3,Kaia,Jammal,Kaia.Jammal@yopmail.com,Kaia.Jammal@gmail.com,Åland Islands
2021,Level 1,Mureil,Poppy,Mureil.Poppy@yopmail.com,Mureil.Poppy@gmail.com,Cook Islands
2008,Level 4,Amii,Grobe,Amii.Grobe@yopmail.com,Amii.Grobe@gmail.com,South Africa
2006,Level 1,Clementine,Larochelle,Clementine.Larochelle@yopmail.com,Clementine.Larochelle@gmail.com,Nepal
2016,Level 2,Mamie,Geffner,Mamie.Geffner@yopmail.com,Mamie.Geffner@gmail.com,Timor-Leste
2012,Level 1,Leona,Tybald,Leona.Tybald@yopmail.com,Leona.Tybald@gmail.com,Cayman Islands
2007,Level 1,Cyb,Claudine,Cyb.Claudine@yopmail.com,Cyb.Claudine@gmail.com,Eritrea
2001,Level 3,Christal,Etom,Christal.Etom@yopmail.com,Christal.Etom@gmail.com,Liberia
2005,Level 1,Kelly,Rudolph,Kelly.Rudolph@yopmail.com,Kelly.Rudolph@gmail.com,Burkina Faso
2022,Level 3,Sandie,Yam,Sandie.Yam@yopmail.com,Sandie.Yam@gmail.com,"Moldova, Republic of"
2021,Level 4,Juliane,Kussell,Juliane.Kussell@yopmail.com,Juliane.Kussell@gmail.com,United States Minor Outlying Islands
2001,Level 2,Ketti,Bow,Ketti.Bow@yopmail.com,Ketti.Bow@gmail.com,Lithuania
2008,Level 3,Caritta,Chem,Caritta.Chem@yopmail.com,Caritta.Chem@gmail.com,Qatar
2009,Level 4,Belva,Lanita,Belva.Lanita@yopmail.com,Belva.Lanita@gmail.com,AndorrA
2001,Level 2,Sonni,Annabella,Sonni.Annabella@yopmail.com,Sonni.Annabella@gmail.com,Cuba
2006,Level 2,Lita,Korey,Lita.Korey@yopmail.com,Lita.Korey@gmail.com,Ecuador
2006,Level 2,Codie,Ramona,Codie.Ramona@yopmail.com,Codie.Ramona@gmail.com,Bhutan
2015,Level 4,Daune,Loeb,Daune.Loeb@yopmail.com,Daune.Loeb@gmail.com,Slovakia
2006,Level 4,Suzette,Herrera,Suzette.Herrera@yopmail.com,Suzette.Herrera@gmail.com,RWANDA
2015,Level 3,Jenilee,Firmin,Jenilee.Firmin@yopmail.com,Jenilee.Firmin@gmail.com,Brunei Darussalam
2017,Level 2,Ginnie,Kamaria,Ginnie.Kamaria@yopmail.com,Ginnie.Kamaria@gmail.com,France
2007,Level 4,Marsiella,Ardeha,Marsiella.Ardeha@yopmail.com,Marsiella.Ardeha@gmail.com,Heard Island and Mcdonald Islands
2004,Level 1,June,Millda,June.Millda@yopmail.com,June.Millda@gmail.com,Saint Kitts and Nevis
2001,Level 2,Shandie,Diogenes,Shandie.Diogenes@yopmail.com,Shandie.Diogenes@gmail.com,Iraq
2012,Level 2,Vevay,Buffum,Vevay.Buffum@yopmail.com,Vevay.Buffum@gmail.com,Ecuador
2005,Level 4,Aurore,Velick,Aurore.Velick@yopmail.com,Aurore.Velick@gmail.com,Yemen
2012,Level 3,Rhea,Tayib,Rhea.Tayib@yopmail.com,Rhea.Tayib@gmail.com,Pakistan
2005,Level 3,Juliane,Lorenz,Juliane.Lorenz@yopmail.com,Juliane.Lorenz@gmail.com,Tokelau
2009,Level 2,Dolli,Maryanne,Dolli.Maryanne@yopmail.com,Dolli.Maryanne@gmail.com,Dominica
2001,Level 2,Lynea,Dituri,Lynea.Dituri@yopmail.com,Lynea.Dituri@gmail.com,Liechtenstein
2018,Level 1,Margette,Pascia,Margette.Pascia@yopmail.com,Margette.Pascia@gmail.com,Sao Tome and Principe
2006,Level 4,Vevay,Danby,Vevay.Danby@yopmail.com,Vevay.Danby@gmail.com,Kiribati
2010,Level 4,Addia,Dannye,Addia.Dannye@yopmail.com,Addia.Dannye@gmail.com,Tonga
2000,Level 3,Ardenia,Colbert,Ardenia.Colbert@yopmail.com,Ardenia.Colbert@gmail.com,Niue
2011,Level 1,Frank,Yuille,Frank.Yuille@yopmail.com,Frank.Yuille@gmail.com,Mexico
2014,Level 1,Norine,Tomasina,Norine.Tomasina@yopmail.com,Norine.Tomasina@gmail.com,Japan
2022,Level 2,Bibby,Gladstone,Bibby.Gladstone@yopmail.com,Bibby.Gladstone@gmail.com,Cape Verde
2009,Level 1,Natka,Goode,Natka.Goode@yopmail.com,Natka.Goode@gmail.com,Denmark
2012,Level 1,Sharlene,Fax,Sharlene.Fax@yopmail.com,Sharlene.Fax@gmail.com,Iceland
2018,Level 3,Mahalia,Darbie,Mahalia.Darbie@yopmail.com,Mahalia.Darbie@gmail.com,United States
2022,Level 3,Verla,Cressida,Verla.Cressida@yopmail.com,Verla.Cressida@gmail.com,"Micronesia, Federated States of"
2016,Level 4,Kaja,Ralfston,Kaja.Ralfston@yopmail.com,Kaja.Ralfston@gmail.com,Djibouti
2014,Level 3,Meg,Honoria,Meg.Honoria@yopmail.com,Meg.Honoria@gmail.com,Dominican Republic
2004,Level 1,Andree,Jerald,Andree.Jerald@yopmail.com,Andree.Jerald@gmail.com,Puerto Rico
2002,Level 3,Farrah,Reneta,Farrah.Reneta@yopmail.com,Farrah.Reneta@gmail.com,Marshall Islands
2017,Level 4,Brena,Arathorn,Brena.Arathorn@yopmail.com,Brena.Arathorn@gmail.com,Bahamas
2007,Level 2,Rani,Zina,Rani.Zina@yopmail.com,Rani.Zina@gmail.com,Kazakhstan
2004,Level 3,Annice,Keelia,Annice.Keelia@yopmail.com,Annice.Keelia@gmail.com,Qatar
2009,Level 1,Halette,Eckblad,Halette.Eckblad@yopmail.com,Halette.Eckblad@gmail.com,Burundi
2009,Level 3,Devina,Sabella,Devina.Sabella@yopmail.com,Devina.Sabella@gmail.com,Serbia and Montenegro
2011,Level 3,Corry,Weaks,Corry.Weaks@yopmail.com,Corry.Weaks@gmail.com,Madagascar
2005,Level 4,Therine,Lalitta,Therine.Lalitta@yopmail.com,Therine.Lalitta@gmail.com,France
2003,Level 3,Libbie,Johnsson,Libbie.Johnsson@yopmail.com,Libbie.Johnsson@gmail.com,Cyprus
2002,Level 1,Vevay,Regan,Vevay.Regan@yopmail.com,Vevay.Regan@gmail.com,Netherlands
2007,Level 1,Clo,Barbey,Clo.Barbey@yopmail.com,Clo.Barbey@gmail.com,Venezuela
2022,Level 1,Ulrike,Amand,Ulrike.Amand@yopmail.com,Ulrike.Amand@gmail.com,Tunisia
2019,Level 2,Randa,Forrer,Randa.Forrer@yopmail.com,Randa.Forrer@gmail.com,Cape Verde
2011,Level 2,Oona,Rosemary,Oona.Rosemary@yopmail.com,Oona.Rosemary@gmail.com,Norfolk Island
2012,Level 4,Cathyleen,Ellord,Cathyleen.Ellord@yopmail.com,Cathyleen.Ellord@gmail.com,French Guiana
2009,Level 3,Debee,Stuart,Debee.Stuart@yopmail.com,Debee.Stuart@gmail.com,Jordan
2005,Level 4,Thalia,Kendrick,Thalia.Kendrick@yopmail.com,Thalia.Kendrick@gmail.com,"Moldova, Republic of"
2022,Level 3,Tamqrah,Jorgan,Tamqrah.Jorgan@yopmail.com,Tamqrah.Jorgan@gmail.com,"Tanzania, United Republic of"
2014,Level 1,Gloria,Gamaliel,Gloria.Gamaliel@yopmail.com,Gloria.Gamaliel@gmail.com,Turkey
2021,Level 3,Nyssa,Gibbeon,Nyssa.Gibbeon@yopmail.com,Nyssa.Gibbeon@gmail.com,Papua New Guinea
2016,Level 2,Blinni,Mallon,Blinni.Mallon@yopmail.com,Blinni.Mallon@gmail.com,Western Sahara
2014,Level 3,Elsie,Ulphia,Elsie.Ulphia@yopmail.com,Elsie.Ulphia@gmail.com,Morocco
2014,Level 3,Caressa,Sekofski,Caressa.Sekofski@yopmail.com,Caressa.Sekofski@gmail.com,Azerbaijan
2014,Level 2,Meriel,Wiener,Meriel.Wiener@yopmail.com,Meriel.Wiener@gmail.com,Sri Lanka
2015,Level 4,Clementine,Leffen,Clementine.Leffen@yopmail.com,Clementine.Leffen@gmail.com,Solomon Islands
2010,Level 2,Korrie,Zina,Korrie.Zina@yopmail.com,Korrie.Zina@gmail.com,Mozambique
2008,Level 4,Meriel,Dimitris,Meriel.Dimitris@yopmail.com,Meriel.Dimitris@gmail.com,Malawi
2004,Level 2,Doro,Mathilde,Doro.Mathilde@yopmail.com,Doro.Mathilde@gmail.com,Papua New Guinea
2002,Level 1,Shauna,Aldric,Shauna.Aldric@yopmail.com,Shauna.Aldric@gmail.com,Saint Vincent and the Grenadines
2017,Level 4,Lucy,Jammal,Lucy.Jammal@yopmail.com,Lucy.Jammal@gmail.com,Equatorial Guinea
2000,Level 3,Vivia,Klotz,Vivia.Klotz@yopmail.com,Vivia.Klotz@gmail.com,Ecuador
2019,Level 4,Gusty,Ferino,Gusty.Ferino@yopmail.com,Gusty.Ferino@gmail.com,Christmas Island
2018,Level 3,Hermione,Libna,Hermione.Libna@yopmail.com,Hermione.Libna@gmail.com,Jamaica
2009,Level 1,Ebonee,Marcellus,Ebonee.Marcellus@yopmail.com,Ebonee.Marcellus@gmail.com,Northern Mariana Islands
2017,Level 1,Desirae,Kannry,Desirae.Kannry@yopmail.com,Desirae.Kannry@gmail.com,Cape Verde
2011,Level 2,Lindie,Kunin,Lindie.Kunin@yopmail.com,Lindie.Kunin@gmail.com,Gambia
2010,Level 2,Verla,Tybald,Verla.Tybald@yopmail.com,Verla.Tybald@gmail.com,Sweden
2016,Level 4,Audrie,Celestine,Audrie.Celestine@yopmail.com,Audrie.Celestine@gmail.com,Turkmenistan
2019,Level 1,Melina,Torray,Melina.Torray@yopmail.com,Melina.Torray@gmail.com,Costa Rica
2010,Level 2,Pollyanna,Luhe,Pollyanna.Luhe@yopmail.com,Pollyanna.Luhe@gmail.com,Cocos (Keeling) Islands
2005,Level 3,Britte,Liebermann,Britte.Liebermann@yopmail.com,Britte.Liebermann@gmail.com,Swaziland
2007,Level 1,Kristan,Konyn,Kristan.Konyn@yopmail.com,Kristan.Konyn@gmail.com,Malta
2002,Level 2,Katleen,Solitta,Katleen.Solitta@yopmail.com,Katleen.Solitta@gmail.com,Guadeloupe
2017,Level 2,Winny,Myrilla,Winny.Myrilla@yopmail.com,Winny.Myrilla@gmail.com,"Tanzania, United Republic of"
2011,Level 3,Cam,Phi,Cam.Phi@yopmail.com,Cam.Phi@gmail.com,Philippines
2015,Level 3,Clary,Laurianne,Clary.Laurianne@yopmail.com,Clary.Laurianne@gmail.com,Sao Tome and Principe
2006,Level 3,Alejandra,Ledah,Alejandra.Ledah@yopmail.com,Alejandra.Ledah@gmail.com,Serbia and Montenegro
2002,Level 2,Roslyn,Lory,Roslyn.Lory@yopmail.com,Roslyn.Lory@gmail.com,Colombia
2001,Level 3,Cacilie,Deegan,Cacilie.Deegan@yopmail.com,Cacilie.Deegan@gmail.com,Western Sahara
2016,Level 3,Blake,Azeria,Blake.Azeria@yopmail.com,Blake.Azeria@gmail.com,Saint Lucia
2011,Level 2,Jennica,Reinke,Jennica.Reinke@yopmail.com,Jennica.Reinke@gmail.com,Malta
2013,Level 2,Bobinette,Sancho,Bobinette.Sancho@yopmail.com,Bobinette.Sancho@gmail.com,Eritrea
2019,Level 4,Gilligan,Madelene,Gilligan.Madelene@yopmail.com,Gilligan.Madelene@gmail.com,Canada
2018,Level 1,Annice,Santoro,Annice.Santoro@yopmail.com,Annice.Santoro@gmail.com,"Taiwan, Province of China"
2004,Level 1,Alameda,Urias,Alameda.Urias@yopmail.com,Alameda.Urias@gmail.com,Guyana
2021,Level 1,Tonia,Vilma,Tonia.Vilma@yopmail.com,Tonia.Vilma@gmail.com,Yemen
2008,Level 3,Roslyn,Muriel,Roslyn.Muriel@yopmail.com,Roslyn.Muriel@gmail.com,Slovakia
2010,Level 4,Maisey,Raseda,Maisey.Raseda@yopmail.com,Maisey.Raseda@gmail.com,French Southern Territories
2011,Level 1,Jessamyn,Desai,Jessamyn.Desai@yopmail.com,Jessamyn.Desai@gmail.com,Ethiopia
2008,Level 2,Robbi,Berne,Robbi.Berne@yopmail.com,Robbi.Berne@gmail.com,Slovenia
2004,Level 3,Shaylyn,Raseda,Shaylyn.Raseda@yopmail.com,Shaylyn.Raseda@gmail.com,Solomon Islands
2020,Level 3,Bill,Raffo,Bill.Raffo@yopmail.com,Bill.Raffo@gmail.com,Saint Lucia
2001,Level 4,Lizzie,O'Rourke,Lizzie.O'Rourke@yopmail.com,Lizzie.O'Rourke@gmail.com,Croatia
2001,Level 1,Leona,Lilas,Leona.Lilas@yopmail.com,Leona.Lilas@gmail.com,Turkmenistan
2004,Level 3,Angela,Astra,Angela.Astra@yopmail.com,Angela.Astra@gmail.com,South Africa
2021,Level 1,Dania,Alwin,Dania.Alwin@yopmail.com,Dania.Alwin@gmail.com,Bahrain
2015,Level 3,Britni,Eugenia,Britni.Eugenia@yopmail.com,Britni.Eugenia@gmail.com,"Congo, The Democratic Republic of the"
2008,Level 3,Marcelline,Dom,Marcelline.Dom@yopmail.com,Marcelline.Dom@gmail.com,San Marino
2012,Level 1,Netty,Alcott,Netty.Alcott@yopmail.com,Netty.Alcott@gmail.com,Greece
2015,Level 1,Cindelyn,Phaidra,Cindelyn.Phaidra@yopmail.com,Cindelyn.Phaidra@gmail.com,"Korea, Democratic People""S Republic of"
2010,Level 1,Brynna,Hunfredo,Brynna.Hunfredo@yopmail.com,Brynna.Hunfredo@gmail.com,Uruguay
2007,Level 3,Vinita,Engdahl,Vinita.Engdahl@yopmail.com,Vinita.Engdahl@gmail.com,Saint Lucia
2008,Level 3,Dolli,Maurine,Dolli.Maurine@yopmail.com,Dolli.Maurine@gmail.com,"Palestinian Territory, Occupied"
2012,Level 2,Drucie,Juliet,Drucie.Juliet@yopmail.com,Drucie.Juliet@gmail.com,Haiti
2014,Level 1,Merrie,Kare,Merrie.Kare@yopmail.com,Merrie.Kare@gmail.com,Kiribati
2021,Level 4,Gusella,Rozanna,Gusella.Rozanna@yopmail.com,Gusella.Rozanna@gmail.com,Mayotte
2017,Level 3,Vevay,Milde,Vevay.Milde@yopmail.com,Vevay.Milde@gmail.com,China
2017,Level 3,Codie,Cimbura,Codie.Cimbura@yopmail.com,Codie.Cimbura@gmail.com,Holy See (Vatican City State)
2014,Level 2,Ermengarde,Adamsen,Ermengarde.Adamsen@yopmail.com,Ermengarde.Adamsen@gmail.com,Timor-Leste
2017,Level 3,Mara,Kendrick,Mara.Kendrick@yopmail.com,Mara.Kendrick@gmail.com,Poland
2007,Level 4,Tera,Olnee,Tera.Olnee@yopmail.com,Tera.Olnee@gmail.com,Saudi Arabia
2010,Level 4,Arabel,Stanwood,Arabel.Stanwood@yopmail.com,Arabel.Stanwood@gmail.com,Haiti
2018,Level 3,Nelle,Tryck,Nelle.Tryck@yopmail.com,Nelle.Tryck@gmail.com,Tajikistan
2013,Level 4,Netty,Seumas,Netty.Seumas@yopmail.com,Netty.Seumas@gmail.com,Isle of Man
2006,Level 1,Teddie,Kimmie,Teddie.Kimmie@yopmail.com,Teddie.Kimmie@gmail.com,Malta
2001,Level 2,Lucille,Brenn,Lucille.Brenn@yopmail.com,Lucille.Brenn@gmail.com,Seychelles
2019,Level 2,Rebeca,Mathilde,Rebeca.Mathilde@yopmail.com,Rebeca.Mathilde@gmail.com,"Virgin Islands, British"
2018,Level 4,Sybille,Syd,Sybille.Syd@yopmail.com,Sybille.Syd@gmail.com,Turks and Caicos Islands
2002,Level 3,Lynnea,Bartlett,Lynnea.Bartlett@yopmail.com,Lynnea.Bartlett@gmail.com,Suriname
2008,Level 3,Kara-Lynn,Parette,Kara-Lynn.Parette@yopmail.com,Kara-Lynn.Parette@gmail.com,Anguilla
2020,Level 1,Celisse,Clywd,Celisse.Clywd@yopmail.com,Celisse.Clywd@gmail.com,Netherlands Antilles
2002,Level 4,Diena,Glenden,Diena.Glenden@yopmail.com,Diena.Glenden@gmail.com,Iraq
2009,Level 2,Rozele,Marden,Rozele.Marden@yopmail.com,Rozele.Marden@gmail.com,Macao
2008,Level 1,Minne,Israeli,Minne.Israeli@yopmail.com,Minne.Israeli@gmail.com,Gabon
2005,Level 2,Loree,Bibi,Loree.Bibi@yopmail.com,Loree.Bibi@gmail.com,"Iran, Islamic Republic Of"
2011,Level 3,Gabi,Chaing,Gabi.Chaing@yopmail.com,Gabi.Chaing@gmail.com,Wallis and Futuna
2018,Level 3,Carol-Jean,Mike,Carol-Jean.Mike@yopmail.com,Carol-Jean.Mike@gmail.com,British Indian Ocean Territory
2010,Level 4,Emmey,Ivens,Emmey.Ivens@yopmail.com,Emmey.Ivens@gmail.com,"Korea, Democratic People""S Republic of"
2001,Level 1,Fayre,Ovid,Fayre.Ovid@yopmail.com,Fayre.Ovid@gmail.com,Hong Kong
2006,Level 3,Layla,Odell,Layla.Odell@yopmail.com,Layla.Odell@gmail.com,Comoros
2012,Level 2,Binny,Pauly,Binny.Pauly@yopmail.com,Binny.Pauly@gmail.com,Sri Lanka
2017,Level 3,Alameda,Crudden,Alameda.Crudden@yopmail.com,Alameda.Crudden@gmail.com,Spain
2011,Level 2,Carmela,Zaslow,Carmela.Zaslow@yopmail.com,Carmela.Zaslow@gmail.com,Lesotho
2010,Level 3,Benita,Elo,Benita.Elo@yopmail.com,Benita.Elo@gmail.com,Sao Tome and Principe
2014,Level 1,Alyssa,Wareing,Alyssa.Wareing@yopmail.com,Alyssa.Wareing@gmail.com,Pakistan
2010,Level 3,Emma,Maiah,Emma.Maiah@yopmail.com,Emma.Maiah@gmail.com,Tonga
2021,Level 3,Maisey,Ingra,Maisey.Ingra@yopmail.com,Maisey.Ingra@gmail.com,Czech Republic
2007,Level 3,Gloria,O'Rourke,Gloria.O'Rourke@yopmail.com,Gloria.O'Rourke@gmail.com,Kenya
2005,Level 3,Dede,Buttaro,Dede.Buttaro@yopmail.com,Dede.Buttaro@gmail.com,Egypt
2005,Level 4,Verla,Wyn,Verla.Wyn@yopmail.com,Verla.Wyn@gmail.com,Mexico
2006,Level 2,Daryl,Genna,Daryl.Genna@yopmail.com,Daryl.Genna@gmail.com,"Virgin Islands, U.S."
2005,Level 2,Hayley,Baylor,Hayley.Baylor@yopmail.com,Hayley.Baylor@gmail.com,Romania
2020,Level 3,Lynea,Delacourt,Lynea.Delacourt@yopmail.com,Lynea.Delacourt@gmail.com,Russian Federation
2004,Level 1,Marline,Middleton,Marline.Middleton@yopmail.com,Marline.Middleton@gmail.com,Cocos (Keeling) Islands
2012,Level 1,Iseabal,Denis,Iseabal.Denis@yopmail.com,Iseabal.Denis@gmail.com,"Lao People""S Democratic Republic"
2016,Level 2,Codie,Japeth,Codie.Japeth@yopmail.com,Codie.Japeth@gmail.com,Maldives
2017,Level 4,Jeanna,Lattie,Jeanna.Lattie@yopmail.com,Jeanna.Lattie@gmail.com,Sudan
2003,Level 1,Kristina,Neils,Kristina.Neils@yopmail.com,Kristina.Neils@gmail.com,Netherlands
2017,Level 2,Gwenneth,Wallis,Gwenneth.Wallis@yopmail.com,Gwenneth.Wallis@gmail.com,Puerto Rico
2018,Level 1,Dagmar,Leffen,Dagmar.Leffen@yopmail.com,Dagmar.Leffen@gmail.com,"Tanzania, United Republic of"
2020,Level 4,Mildrid,Eckblad,Mildrid.Eckblad@yopmail.com,Mildrid.Eckblad@gmail.com,Cameroon
2013,Level 1,Chloris,McLaughlin,Chloris.McLaughlin@yopmail.com,Chloris.McLaughlin@gmail.com,Djibouti
2000,Level 3,Barbara,Merna,Barbara.Merna@yopmail.com,Barbara.Merna@gmail.com,El Salvador
2009,Level 1,Kathi,Sothena,Kathi.Sothena@yopmail.com,Kathi.Sothena@gmail.com,Kazakhstan
2014,Level 4,Adore,Hoenack,Adore.Hoenack@yopmail.com,Adore.Hoenack@gmail.com,Suriname
2014,Level 2,Florie,Tryck,Florie.Tryck@yopmail.com,Florie.Tryck@gmail.com,Marshall Islands
2000,Level 4,Cam,Wenda,Cam.Wenda@yopmail.com,Cam.Wenda@gmail.com,Italy
2020,Level 3,Jan,Wu,Jan.Wu@yopmail.com,Jan.Wu@gmail.com,Kiribati
2021,Level 2,Nyssa,Peg,Nyssa.Peg@yopmail.com,Nyssa.Peg@gmail.com,Guernsey
2011,Level 3,Ariela,Linskey,Ariela.Linskey@yopmail.com,Ariela.Linskey@gmail.com,Mongolia
2003,Level 4,Correy,Taam,Correy.Taam@yopmail.com,Correy.Taam@gmail.com,Pitcairn
2001,Level 1,Raquela,Reneta,Raquela.Reneta@yopmail.com,Raquela.Reneta@gmail.com,Chad
2005,Level 1,Edyth,Urania,Edyth.Urania@yopmail.com,Edyth.Urania@gmail.com,Saint Vincent and the Grenadines
2001,Level 3,Katharina,Alrich,Katharina.Alrich@yopmail.com,Katharina.Alrich@gmail.com,Slovenia
2010,Level 2,Nicoli,Israeli,Nicoli.Israeli@yopmail.com,Nicoli.Israeli@gmail.com,Austria
2006,Level 2,Maryellen,Salchunas,Maryellen.Salchunas@yopmail.com,Maryellen.Salchunas@gmail.com,Pitcairn
2013,Level 4,Chrystel,Seessel,Chrystel.Seessel@yopmail.com,Chrystel.Seessel@gmail.com,Ethiopia
2019,Level 2,Celisse,Auberbach,Celisse.Auberbach@yopmail.com,Celisse.Auberbach@gmail.com,Guinea
2019,Level 2,Stevana,Quent,Stevana.Quent@yopmail.com,Stevana.Quent@gmail.com,New Zealand
2011,Level 3,Lonnie,Cleo,Lonnie.Cleo@yopmail.com,Lonnie.Cleo@gmail.com,Timor-Leste
2016,Level 3,Lelah,Delila,Lelah.Delila@yopmail.com,Lelah.Delila@gmail.com,Poland
2018,Level 4,Jillayne,Calhoun,Jillayne.Calhoun@yopmail.com,Jillayne.Calhoun@gmail.com,Philippines
2012,Level 3,Alia,Hewitt,Alia.Hewitt@yopmail.com,Alia.Hewitt@gmail.com,Burundi
2003,Level 1,Roseline,Jarib,Roseline.Jarib@yopmail.com,Roseline.Jarib@gmail.com,Lebanon
2020,Level 4,Helena,Barrus,Helena.Barrus@yopmail.com,Helena.Barrus@gmail.com,Kazakhstan
2018,Level 3,Dania,Lymann,Dania.Lymann@yopmail.com,Dania.Lymann@gmail.com,Burkina Faso
2006,Level 3,Aimil,Hoenack,Aimil.Hoenack@yopmail.com,Aimil.Hoenack@gmail.com,Bulgaria
2001,Level 4,Lila,Camden,Lila.Camden@yopmail.com,Lila.Camden@gmail.com,"Palestinian Territory, Occupied"
2013,Level 1,Raina,Anestassia,Raina.Anestassia@yopmail.com,Raina.Anestassia@gmail.com,Timor-Leste
2008,Level 2,Felice,Irmine,Felice.Irmine@yopmail.com,Felice.Irmine@gmail.com,"Cote D""Ivoire"
2022,Level 3,Tierney,Colleen,Tierney.Colleen@yopmail.com,Tierney.Colleen@gmail.com,Kenya
2019,Level 4,Chickie,Mich,Chickie.Mich@yopmail.com,Chickie.Mich@gmail.com,Cape Verde
2014,Level 4,Devina,Hanleigh,Devina.Hanleigh@yopmail.com,Devina.Hanleigh@gmail.com,Sao Tome and Principe
2015,Level 4,Farrah,McCutcheon,Farrah.McCutcheon@yopmail.com,Farrah.McCutcheon@gmail.com,Israel
2018,Level 2,Teddie,Hailee,Teddie.Hailee@yopmail.com,Teddie.Hailee@gmail.com,Panama
2009,Level 3,Brietta,Norvol,Brietta.Norvol@yopmail.com,Brietta.Norvol@gmail.com,Indonesia
2000,Level 2,Melina,Elvyn,Melina.Elvyn@yopmail.com,Melina.Elvyn@gmail.com,Heard Island and Mcdonald Islands
2019,Level 1,Brooks,Posner,Brooks.Posner@yopmail.com,Brooks.Posner@gmail.com,Afghanistan
2007,Level 2,Carilyn,Reinke,Carilyn.Reinke@yopmail.com,Carilyn.Reinke@gmail.com,Central African Republic
2002,Level 4,Marylou,Fulmer,Marylou.Fulmer@yopmail.com,Marylou.Fulmer@gmail.com,Cuba
2013,Level 3,Layla,Kalinda,Layla.Kalinda@yopmail.com,Layla.Kalinda@gmail.com,"Virgin Islands, U.S."
2007,Level 2,Marti,Willie,Marti.Willie@yopmail.com,Marti.Willie@gmail.com,Mali
2000,Level 2,Ardys,Jalbert,Ardys.Jalbert@yopmail.com,Ardys.Jalbert@gmail.com,Tunisia
2007,Level 1,Dorice,Frendel,Dorice.Frendel@yopmail.com,Dorice.Frendel@gmail.com,Belgium
2020,Level 3,Judy,Saree,Judy.Saree@yopmail.com,Judy.Saree@gmail.com,"Moldova, Republic of"
2019,Level 4,Nannie,Viddah,Nannie.Viddah@yopmail.com,Nannie.Viddah@gmail.com,Mongolia
2003,Level 1,Elbertina,Ackerley,Elbertina.Ackerley@yopmail.com,Elbertina.Ackerley@gmail.com,Hong Kong
2016,Level 4,Romona,Kare,Romona.Kare@yopmail.com,Romona.Kare@gmail.com,Myanmar
2002,Level 2,Dorothy,Heidt,Dorothy.Heidt@yopmail.com,Dorothy.Heidt@gmail.com,Bouvet Island
2016,Level 4,Allis,Modie,Allis.Modie@yopmail.com,Allis.Modie@gmail.com,Saint Kitts and Nevis
2018,Level 3,Basia,Kylander,Basia.Kylander@yopmail.com,Basia.Kylander@gmail.com,French Southern Territories
2006,Level 3,Nannie,Rudolph,Nannie.Rudolph@yopmail.com,Nannie.Rudolph@gmail.com,Jordan
2013,Level 2,Cherrita,Shama,Cherrita.Shama@yopmail.com,Cherrita.Shama@gmail.com,Guam
2012,Level 1,Deedee,Hachmin,Deedee.Hachmin@yopmail.com,Deedee.Hachmin@gmail.com,Antigua and Barbuda
2006,Level 2,Dorothy,Rodmann,Dorothy.Rodmann@yopmail.com,Dorothy.Rodmann@gmail.com,Nicaragua
2010,Level 2,Charmaine,Mayeda,Charmaine.Mayeda@yopmail.com,Charmaine.Mayeda@gmail.com,Vanuatu
2003,Level 4,Lolita,Helve,Lolita.Helve@yopmail.com,Lolita.Helve@gmail.com,Hungary
2007,Level 2,Margarette,Grobe,Margarette.Grobe@yopmail.com,Margarette.Grobe@gmail.com,Indonesia
2017,Level 1,Julieta,Edison,Julieta.Edison@yopmail.com,Julieta.Edison@gmail.com,Guam
2019,Level 4,Ardeen,Kathie,Ardeen.Kathie@yopmail.com,Ardeen.Kathie@gmail.com,Iraq
2012,Level 3,Hyacinthe,Zina,Hyacinthe.Zina@yopmail.com,Hyacinthe.Zina@gmail.com,Gabon
2002,Level 1,Kittie,Juliet,Kittie.Juliet@yopmail.com,Kittie.Juliet@gmail.com,Niger
2001,Level 4,Gwenneth,Bendick,Gwenneth.Bendick@yopmail.com,Gwenneth.Bendick@gmail.com,United Arab Emirates
2009,Level 4,Aryn,Kolnick,Aryn.Kolnick@yopmail.com,Aryn.Kolnick@gmail.com,New Zealand
2011,Level 4,Kimmy,Santoro,Kimmy.Santoro@yopmail.com,Kimmy.Santoro@gmail.com,Gabon
2007,Level 4,Vita,Yate,Vita.Yate@yopmail.com,Vita.Yate@gmail.com,United Arab Emirates
2018,Level 4,Gabriellia,Radu,Gabriellia.Radu@yopmail.com,Gabriellia.Radu@gmail.com,Tonga
2020,Level 4,Benita,Vale,Benita.Vale@yopmail.com,Benita.Vale@gmail.com,Norfolk Island
2013,Level 2,Edyth,Claudine,Edyth.Claudine@yopmail.com,Edyth.Claudine@gmail.com,Brazil
2011,Level 2,Shandie,Raffo,Shandie.Raffo@yopmail.com,Shandie.Raffo@gmail.com,Nepal
2005,Level 2,Adelle,Delp,Adelle.Delp@yopmail.com,Adelle.Delp@gmail.com,Kuwait
2010,Level 2,Selia,Hachmin,Selia.Hachmin@yopmail.com,Selia.Hachmin@gmail.com,Chile
2022,Level 1,Zaria,Berriman,Zaria.Berriman@yopmail.com,Zaria.Berriman@gmail.com,Peru
2005,Level 4,Larine,Rodmann,Larine.Rodmann@yopmail.com,Larine.Rodmann@gmail.com,Martinique
2008,Level 1,Cordi,Kannry,Cordi.Kannry@yopmail.com,Cordi.Kannry@gmail.com,Tuvalu
2002,Level 1,Jenda,Concha,Jenda.Concha@yopmail.com,Jenda.Concha@gmail.com,Faroe Islands
2004,Level 3,Wileen,Bartlett,Wileen.Bartlett@yopmail.com,Wileen.Bartlett@gmail.com,Serbia and Montenegro
2002,Level 1,Rivalee,Deny,Rivalee.Deny@yopmail.com,Rivalee.Deny@gmail.com,India
2017,Level 1,Aurelie,Remmer,Aurelie.Remmer@yopmail.com,Aurelie.Remmer@gmail.com,Singapore
2015,Level 4,Sophia,Willie,Sophia.Willie@yopmail.com,Sophia.Willie@gmail.com,Aruba
2001,Level 2,Miquela,Talia,Miquela.Talia@yopmail.com,Miquela.Talia@gmail.com,Finland
2017,Level 1,Ketti,Sothena,Ketti.Sothena@yopmail.com,Ketti.Sothena@gmail.com,Malaysia
2014,Level 3,Luci,Berard,Luci.Berard@yopmail.com,Luci.Berard@gmail.com,Hungary
2014,Level 3,Jacenta,Alrich,Jacenta.Alrich@yopmail.com,Jacenta.Alrich@gmail.com,Bhutan
2012,Level 3,Carly,Moseley,Carly.Moseley@yopmail.com,Carly.Moseley@gmail.com,Norway
2007,Level 4,Albertina,Florina,Albertina.Florina@yopmail.com,Albertina.Florina@gmail.com,Svalbard and Jan Mayen
2018,Level 4,Karlee,Hilbert,Karlee.Hilbert@yopmail.com,Karlee.Hilbert@gmail.com,Jordan
2022,Level 3,Dione,Garlinda,Dione.Garlinda@yopmail.com,Dione.Garlinda@gmail.com,Nauru
2000,Level 2,Oona,Fennessy,Oona.Fennessy@yopmail.com,Oona.Fennessy@gmail.com,Ireland
2012,Level 2,Giustina,Constancy,Giustina.Constancy@yopmail.com,Giustina.Constancy@gmail.com,Saint Vincent and the Grenadines
2008,Level 2,Berget,Tybald,Berget.Tybald@yopmail.com,Berget.Tybald@gmail.com,Uzbekistan
2010,Level 1,Nikki,Elisha,Nikki.Elisha@yopmail.com,Nikki.Elisha@gmail.com,Saint Lucia
2021,Level 2,Tilly,Barbey,Tilly.Barbey@yopmail.com,Tilly.Barbey@gmail.com,Timor-Leste
2001,Level 2,Codie,Johnsson,Codie.Johnsson@yopmail.com,Codie.Johnsson@gmail.com,Israel
2022,Level 3,Michaelina,Alwin,Michaelina.Alwin@yopmail.com,Michaelina.Alwin@gmail.com,Kyrgyzstan
2013,Level 4,Aurore,Erminia,Aurore.Erminia@yopmail.com,Aurore.Erminia@gmail.com,"Korea, Democratic People""S Republic of"
2022,Level 1,Mathilda,Tomasina,Mathilda.Tomasina@yopmail.com,Mathilda.Tomasina@gmail.com,Costa Rica
2002,Level 3,Florie,Emerson,Florie.Emerson@yopmail.com,Florie.Emerson@gmail.com,Egypt
2016,Level 2,Modestia,Sallyann,Modestia.Sallyann@yopmail.com,Modestia.Sallyann@gmail.com,Lebanon
2006,Level 3,Rosanne,Pozzy,Rosanne.Pozzy@yopmail.com,Rosanne.Pozzy@gmail.com,Netherlands
2005,Level 1,Allyce,Carmena,Allyce.Carmena@yopmail.com,Allyce.Carmena@gmail.com,India
2018,Level 1,Ebonee,Lasley,Ebonee.Lasley@yopmail.com,Ebonee.Lasley@gmail.com,Saint Pierre and Miquelon
2002,Level 1,Madelle,Diogenes,Madelle.Diogenes@yopmail.com,Madelle.Diogenes@gmail.com,Australia
2001,Level 4,Averyl,Callista,Averyl.Callista@yopmail.com,Averyl.Callista@gmail.com,Trinidad and Tobago
2007,Level 3,Alameda,My,Alameda.My@yopmail.com,Alameda.My@gmail.com,Austria
2004,Level 3,Aili,Allys,Aili.Allys@yopmail.com,Aili.Allys@gmail.com,Holy See (Vatican City State)
2017,Level 1,Lily,Grayce,Lily.Grayce@yopmail.com,Lily.Grayce@gmail.com,Qatar
2008,Level 1,Juliane,Shama,Juliane.Shama@yopmail.com,Juliane.Shama@gmail.com,Uganda
2007,Level 2,Kimmy,Avi,Kimmy.Avi@yopmail.com,Kimmy.Avi@gmail.com,Bouvet Island
2013,Level 2,Albertina,Bonucci,Albertina.Bonucci@yopmail.com,Albertina.Bonucci@gmail.com,Cayman Islands
2000,Level 4,Lucy,Sophronia,Lucy.Sophronia@yopmail.com,Lucy.Sophronia@gmail.com,Ghana
2002,Level 1,Tybie,Joachim,Tybie.Joachim@yopmail.com,Tybie.Joachim@gmail.com,Niue
2011,Level 3,Britni,Moseley,Britni.Moseley@yopmail.com,Britni.Moseley@gmail.com,Qatar