1,Tiffanie,Kift,tkift0@miibeian.gov.cn,Female,45.2.31.49
2,Alfonso,Allberry,aallberry1@bbc.co.uk,Male,187.228.127.162
3,Salmon,Careless,scareless2@lycos.com,Male,233.190.45.56
4,L;urette,Sach,lsach3@canalblog.com,Female,111.30.162.166
5,Cindra,Axby,caxby4@sciencedaily.com,Female,25.137.17.212
6,Yolanthe,Stookes,ystookes5@wordpress.com,Female,203.117.74.175
7,Myriam,Sperry,msperry6@prnewswire.com,Female,163.223.164.169
8,Dom,Teaze,dteaze7@hugedomains.com,Male,68.145.118.31
9,Adriana,Rutland,arutland8@wufoo.com,Female,21.200.165.244
10,Barron,Putten,bputten9@deliciousdays.com,Male,167.68.196.160
11,Gus,Swait,gswaita@fema.gov,Male,144.222.101.148
12,Neall,Nel,nnelb@jalbum.net,Male,156.173.236.91
13,Dalila,Boerderman,dboerdermanc@blogs.com,Female,11.120.7.135
14,Milton,Mawne,mmawned@google.co.jp,Male,171.187.135.34
15,Jacintha,Leathem,jleatheme@cloudflare.com,Female,107.81.154.218
16,Reggie,Klain,rklainf@xing.com,Male,252.16.91.164
17,Cilka,Case,ccaseg@biblegateway.com,Female,173.4.94.223
18,Bertram,Shovlin,bshovlinh@youku.com,Male,37.196.96.0
19,Arabele,Pritchett,apritchetti@timesonline.co.uk,Polygender,54.203.223.209
20,Olive,Mileham,omilehamj@baidu.com,Female,45.78.238.100
21,Theodore,Hukin,thukink@slideshare.net,Male,133.45.217.48
22,Benedict,Samsworth,bsamsworthl@dion.ne.jp,Male,72.5.164.157
23,Alisha,Lickess,alickessm@sitemeter.com,Female,163.33.57.129
24,Klarika,Clines,kclinesn@photobucket.com,Female,139.47.111.71
25,Felice,Tennewell,ftennewello@slideshare.net,Male,87.16.48.23
26,Cirilo,Clew,cclewp@timesonline.co.uk,Male,220.140.212.191
27,Clare,Bierling,cbierlingq@4shared.com,Female,191.178.225.119
28,Berky,Fitkin,bfitkinr@wikipedia.org,Male,199.209.60.179
29,Gilbert,Anney,ganneys@clickbank.net,Male,174.179.2.192
30,Dionisio,Orr,dorrt@theatlantic.com,Male,219.164.240.44
31,Ann-marie,Plank,aplanku@dot.gov,Female,104.138.28.127
32,Sib,Greest,sgreestv@army.mil,Female,36.156.100.236
33,Les,Dixsee,ldixseew@tripod.com,Male,169.149.201.94
34,Symon,Biggerstaff,sbiggerstaffx@berkeley.edu,Male,175.145.216.221
35,Adolphus,Draayer,adraayery@ameblo.jp,Male,30.66.231.205
36,Fionna,Freund,ffreundz@cornell.edu,Female,111.209.131.181
37,Angeli,Doyle,adoyle10@go.com,Male,28.171.164.45
38,Lucina,ducarme,lducarme11@twitpic.com,Female,253.184.197.138
39,Marja,Bishopp,mbishopp12@comcast.net,Female,248.66.246.132
40,Eldridge,Thickin,ethickin13@elpais.com,Male,153.65.3.44
41,Lexie,McVeighty,lmcveighty14@php.net,Female,227.166.58.198
42,Ernaline,Whitecross,ewhitecross15@ftc.gov,Female,165.17.235.122
43,Demott,Taveriner,dtaveriner16@blog.com,Male,112.0.23.196
44,Emanuele,Duddin,eduddin17@myspace.com,Male,207.66.114.141
45,Haley,Murkitt,hmurkitt18@acquirethisname.com,Female,61.97.162.83
46,Hasheem,Giotto,hgiotto19@canalblog.com,Male,219.177.104.124
47,Nicolas,Blowin,nblowin1a@reuters.com,Male,179.110.191.58
48,Ysabel,Winkworth,ywinkworth1b@apple.com,Female,229.48.146.219
49,Felita,Haistwell,fhaistwell1c@typepad.com,Female,146.43.108.231
50,Carny,Yo,cyo1d@sourceforge.net,Male,32.18.138.74
51,Jeannette,Odhams,jodhams1e@sciencedaily.com,Female,189.85.86.132
52,Stanwood,Ugoletti,sugoletti1f@unicef.org,Male,152.69.91.227
53,Nanni,Irdale,nirdale1g@dagondesign.com,Female,133.153.107.86
54,Vanya,Stair,vstair1h@hubpages.com,Female,217.60.148.35
55,Damara,Sustins,dsustins1i@cloudflare.com,Female,188.59.27.29
56,Agnella,Sidnall,asidnall1j@last.fm,Polygender,43.235.3.135
57,Alan,Redholes,aredholes1k@amazon.com,Male,149.149.221.66
58,Thorndike,Pavey,tpavey1l@tinypic.com,Agender,112.158.217.229
59,Shalna,Hallgalley,shallgalley1m@imdb.com,Female,89.100.18.129
60,Barth,Rosencwaig,brosencwaig1n@senate.gov,Male,80.138.83.13
61,Fairfax,Castell,fcastell1o@furl.net,Male,136.225.195.185
62,Suzann,Gransden,sgransden1p@odnoklassniki.ru,Female,184.39.238.158
63,Siward,Sleep,ssleep1q@clickbank.net,Male,223.211.214.167
64,Adena,Jales,ajales1r@multiply.com,Female,52.84.106.235
65,Delphinia,Bartoszek,dbartoszek1s@addtoany.com,Female,52.95.205.64
66,Reid,MacCartan,rmaccartan1t@cafepress.com,Male,225.159.145.94
67,Inglis,Bellinger,ibellinger1u@mysql.com,Male,13.56.114.39
68,Ber,Thing,bthing1v@cnn.com,Male,12.215.166.231
69,Siffre,Talby,stalby1w@biblegateway.com,Polygender,76.100.225.92
70,Cori,Teresia,cteresia1x@photobucket.com,Bigender,31.225.125.36
71,Alex,Goymer,agoymer1y@amazon.co.uk,Female,195.72.22.209
72,Russell,Fibbens,rfibbens1z@salon.com,Male,122.90.35.145
73,Kelcie,Feige,kfeige20@wordpress.org,Female,63.96.97.127
74,Terrance,Paolazzi,tpaolazzi21@bbc.co.uk,Male,228.52.192.153
75,Morlee,Phythean,mphythean22@bandcamp.com,Agender,102.93.173.142
76,Norine,Rantoull,nrantoull23@theatlantic.com,Female,35.102.189.32
77,Murray,Hugle,mhugle24@1und1.de,Male,194.193.86.207
78,Jock,Ibbitt,jibbitt25@wp.com,Male,207.190.168.1
79,Robina,Jakubovics,rjakubovics26@ftc.gov,Female,70.52.139.138
80,Jarrid,Byre,jbyre27@hostgator.com,Male,26.124.44.199
81,Yasmin,McGillacoell,ymcgillacoell28@pagesperso-orange.fr,Female,182.237.223.148
82,Pierre,Shelford,pshelford29@ft.com,Male,36.98.151.208
83,Vergil,Bellhanger,vbellhanger2a@jugem.jp,Male,143.172.45.201
84,Giles,Joney,gjoney2b@cornell.edu,Male,23.68.209.135
85,Isa,Barts,ibarts2c@sun.com,Female,98.104.177.91
86,Mirna,Cowser,mcowser2d@ca.gov,Female,43.150.236.196
87,Lowell,Tansey,ltansey2e@oaic.gov.au,Male,126.16.116.198
88,Dew,Fried,dfried2f@hhs.gov,Male,48.102.6.226
89,Brigid,Abrahart,babrahart2g@list-manage.com,Female,169.250.86.68
90,Kin,Anderbrugge,kanderbrugge2h@themeforest.net,Male,29.83.81.30
91,Casie,Riglesford,criglesford2i@comcast.net,Female,201.182.129.34
92,Hewitt,Pickwell,hpickwell2j@photobucket.com,Male,228.249.240.11
93,Marylee,Purdom,mpurdom2k@wordpress.org,Female,92.118.169.218
94,Edouard,Birdsall,ebirdsall2l@livejournal.com,Male,190.119.206.34
95,Melvin,Loker,mloker2m@economist.com,Male,15.91.86.70
96,Evvie,Younie,eyounie2n@bbc.co.uk,Female,244.181.98.141
97,Brig,Gubbin,bgubbin2o@smh.com.au,Male,80.155.35.88
98,Irene,Pfaffel,ipfaffel2p@wix.com,Female,129.73.217.40
99,Bobbye,Swainson,bswainson2q@hubpages.com,Female,43.53.46.118
100,Austen,Marling,amarling2r@deviantart.com,Male,182.6.100.192
101,Barbe,Wile,bwile2s@npr.org,Female,230.181.39.11
102,Georas,Farnell,gfarnell2t@bluehost.com,Male,52.240.248.93
103,Archambault,Taylerson,ataylerson2u@livejournal.com,Male,13.30.121.242
104,Kin,Cund,kcund2v@ebay.co.uk,Male,59.17.6.19
105,Ailee,McLorinan,amclorinan2w@sogou.com,Female,110.196.34.101
106,Ag,Capelow,acapelow2x@gravatar.com,Female,167.23.87.55
107,Lenee,Mahon,lmahon2y@sina.com.cn,Female,69.183.179.29
108,Elwyn,Bower,ebower2z@amazon.com,Male,86.202.59.86
109,Beaufort,Lukasen,blukasen30@engadget.com,Male,236.225.123.213
110,Britta,Regnard,bregnard31@time.com,Female,62.43.200.180
111,Dasya,Goldberg,dgoldberg32@rambler.ru,Female,82.171.167.224
112,Alika,Silveston,asilveston33@moonfruit.com,Female,152.173.183.248
113,Felicdad,Large,flarge34@apple.com,Female,221.21.156.68
114,Frazer,Farn,ffarn35@trellian.com,Male,87.198.206.185
115,Murvyn,Bineham,mbineham36@google.pl,Male,254.196.235.168
116,Stephen,Glasby,sglasby37@virginia.edu,Male,18.71.157.108
117,Dion,Digger,ddigger38@wiley.com,Male,27.105.4.214
118,Fred,Wittrington,fwittrington39@ifeng.com,Male,188.39.110.173
119,Elianora,Le Pruvost,elepruvost3a@princeton.edu,Female,21.12.247.214
120,Lyle,Whitmell,lwhitmell3b@seattletimes.com,Male,66.225.249.204
121,Bryan,Cockaday,bcockaday3c@bing.com,Male,165.120.90.225
122,Ellene,Jansens,ejansens3d@businessweek.com,Female,207.252.211.240
123,Abie,Crosston,acrosston3e@columbia.edu,Male,19.153.36.180
124,Fawn,Drought,fdrought3f@omniture.com,Female,74.92.233.154
125,Thain,Derx,tderx3g@addthis.com,Male,198.171.120.219
126,Sammy,Hele,shele3h@bloomberg.com,Female,52.210.142.104
127,Rayshell,Pauler,rpauler3i@who.int,Female,186.249.97.151
128,Wilton,Pepin,wpepin3j@dot.gov,Male,90.133.65.125
129,Craggy,Coppens,ccoppens3k@blogger.com,Agender,171.157.2.155
130,Westbrook,Coppeard,wcoppeard3l@webnode.com,Male,18.41.159.90
131,Hewe,Moralis,hmoralis3m@wikimedia.org,Male,160.116.92.60
132,Carlina,Scoon,cscoon3n@apple.com,Polygender,84.30.124.199
133,Forester,Seaborn,fseaborn3o@4shared.com,Male,127.170.60.92
134,Yorgos,Bigham,ybigham3p@hp.com,Male,72.59.242.130
135,Moyra,Carus,mcarus3q@lulu.com,Agender,210.193.213.182
136,Lucas,Dyerson,ldyerson3r@cornell.edu,Genderfluid,151.222.84.212
137,Derick,Pettus,dpettus3s@chicagotribune.com,Male,251.78.186.19
138,Mercie,Di Matteo,mdimatteo3t@paypal.com,Female,222.185.127.127
139,Coleman,Russen,crussen3u@timesonline.co.uk,Male,211.38.97.1
140,Colan,Chander,cchander3v@cloudflare.com,Male,98.139.86.42
141,Claire,Issett,cissett3w@dedecms.com,Female,120.78.211.124
142,Licha,Schimmang,lschimmang3x@facebook.com,Female,225.18.100.0
143,Vittorio,Swyer-Sexey,vswyersexey3y@cnn.com,Male,235.231.211.50
144,Ainsley,Style,astyle3z@pen.io,Agender,243.216.104.86
145,Keary,Brambill,kbrambill40@ucla.edu,Male,95.61.162.205
146,Irene,Crane,icrane41@indiegogo.com,Female,228.92.226.74
147,Anita,Kirtlan,akirtlan42@nps.gov,Female,122.123.80.180
148,Jackie,Gration,jgration43@baidu.com,Male,104.62.207.7
149,Pauly,Christoffersen,pchristoffersen44@dion.ne.jp,Female,186.227.7.37
150,Leodora,Anslow,lanslow45@upenn.edu,Female,3.124.189.79
151,Randie,Blandamore,rblandamore46@adobe.com,Male,243.178.242.42
152,Giffard,Loache,gloache47@newyorker.com,Male,78.77.154.249
153,Karlee,Feldmesser,kfeldmesser48@engadget.com,Female,158.215.52.147
154,Reynold,Skinner,rskinner49@amazonaws.com,Bigender,253.176.18.207
155,Chanda,Geraudy,cgeraudy4a@epa.gov,Genderfluid,180.166.181.179
156,Ivonne,Pennells,ipennells4b@disqus.com,Female,208.30.76.138
157,Ebonee,Kent,ekent4c@europa.eu,Female,64.165.58.231
158,Paulo,Batecok,pbatecok4d@yellowpages.com,Male,1.205.53.37
159,Vito,Wharlton,vwharlton4e@ycombinator.com,Male,248.118.211.39
160,Reinaldo,Kippen,rkippen4f@theguardian.com,Male,205.33.42.125
161,Edan,Dachs,edachs4g@reuters.com,Polygender,129.13.236.41
162,Aurora,Showte,ashowte4h@t-online.de,Female,207.222.166.74
163,Giorgi,Grunwall,ggrunwall4i@zdnet.com,Male,215.26.79.200
164,Luz,Van Eeden,lvaneeden4j@hc360.com,Female,223.114.130.210
165,Arlin,Bendell,abendell4k@arizona.edu,Male,26.223.19.57
166,Kizzie,Mollitt,kmollitt4l@techcrunch.com,Female,41.95.12.227
167,Jolie,Jardein,jjardein4m@mac.com,Female,140.50.206.148
168,Adlai,Cordoba,acordoba4n@behance.net,Male,186.13.133.115
169,Verile,Treher,vtreher4o@lulu.com,Genderfluid,191.169.153.107
170,Janel,Maggiore,jmaggiore4p@mtv.com,Female,182.149.221.12
171,Raquela,Ackland,rackland4q@example.com,Female,220.190.145.109
172,Hort,Roote,hroote4r@sciencedaily.com,Male,9.190.172.222
173,Amara,Coke,acoke4s@xrea.com,Female,212.150.44.148
174,Clarinda,Huertas,chuertas4t@instagram.com,Female,97.130.129.2
175,Jonathan,Asser,jasser4u@telegraph.co.uk,Male,185.87.45.90
176,Edgar,Deely,edeely4v@google.com,Male,122.96.74.116
177,Ferne,Tasker,ftasker4w@blogger.com,Female,54.175.29.228
178,Celestine,Sage,csage4x@barnesandnoble.com,Female,59.69.68.174
179,Marlyn,Bold,mbold4y@feedburner.com,Female,85.148.102.223
180,Hogan,Biaggi,hbiaggi4z@bbb.org,Male,235.156.15.57
181,Doretta,Fells,dfells50@ted.com,Female,219.66.70.33
182,Giraud,Convery,gconvery51@macromedia.com,Male,88.98.45.129
183,Joyan,Leverett,jleverett52@facebook.com,Female,251.120.190.20
184,Tarrah,Round,tround53@macromedia.com,Female,100.240.154.166
185,Samson,Pitcock,spitcock54@dell.com,Male,239.225.140.158
186,Korry,Durdle,kdurdle55@yelp.com,Bigender,208.81.36.82
187,Elisabeth,Cancellario,ecancellario56@illinois.edu,Female,158.168.74.35
188,Luigi,Petrol,lpetrol57@usgs.gov,Male,7.248.244.203
189,Lissy,McManus,lmcmanus58@unicef.org,Female,113.80.238.29
190,Seka,Dorbon,sdorbon59@rambler.ru,Female,205.140.252.55
191,Therese,Venneur,tvenneur5a@forbes.com,Female,207.159.30.189
192,Adolphus,Chatfield,achatfield5b@weebly.com,Male,238.105.146.153
193,Sibilla,Voyce,svoyce5c@last.fm,Female,32.73.57.167
194,Puff,Olivet,polivet5d@imageshack.us,Male,236.84.120.64
195,Gertrudis,Ingree,gingree5e@homestead.com,Female,200.171.127.112
196,Tania,McClure,tmcclure5f@geocities.com,Female,160.229.138.38
197,Brad,Guard,bguard5g@army.mil,Male,25.6.55.196
198,Johnathon,Gawith,jgawith5h@oaic.gov.au,Male,253.247.20.86
199,Eliza,Jeannin,ejeannin5i@symantec.com,Female,50.76.144.92
200,Jeana,Dawson,jdawson5j@yellowbook.com,Female,116.70.30.59
201,Salomon,Donalson,sdonalson5k@soundcloud.com,Male,49.254.189.99
202,Tressa,Fibbens,tfibbens5l@netlog.com,Female,212.110.206.77
203,Corinne,Isgate,cisgate5m@about.me,Female,8.253.208.144
204,Perla,Francescuccio,pfrancescuccio5n@usnews.com,Female,25.213.7.66
205,Cahra,Bilofsky,cbilofsky5o@t.co,Female,50.251.36.65
206,Ginnie,Currom,gcurrom5p@digg.com,Female,69.200.206.20
207,Sandro,Fendley,sfendley5q@php.net,Male,108.76.2.225
208,Daffy,Gidney,dgidney5r@phoca.cz,Female,215.151.186.63
209,Paolo,Oppy,poppy5s@ucoz.com,Male,244.26.153.10
210,Timmi,Jestico,tjestico5t@time.com,Female,158.94.16.172
211,Ursula,Stukings,ustukings5u@craigslist.org,Female,136.61.232.78
212,Woodrow,Merricks,wmerricks5v@wufoo.com,Male,228.10.73.252
213,Eartha,Kopta,ekopta5w@scientificamerican.com,Bigender,157.175.66.146
214,Stesha,Bernhart,sbernhart5x@wp.com,Female,132.21.177.127
215,Moss,Di Carlo,mdicarlo5y@ca.gov,Male,2.107.177.139
216,Devlin,Bignell,dbignell5z@marriott.com,Male,109.92.176.202
217,Syman,Pollen,spollen60@upenn.edu,Male,149.246.164.204
218,Lucilia,Burn,lburn61@walmart.com,Female,238.250.253.212
219,Arlen,Welham,awelham62@bandcamp.com,Male,116.140.200.15
220,Boot,Yerrall,byerrall63@wiley.com,Genderfluid,33.190.233.90
221,Mead,Criple,mcriple64@dropbox.com,Male,170.32.68.12
222,Min,Jaquemar,mjaquemar65@samsung.com,Genderqueer,186.26.236.124
223,Krista,Shackel,kshackel66@phoca.cz,Female,206.157.158.208
224,Henry,Joron,hjoron67@auda.org.au,Male,146.36.246.84
225,Thaddeus,Adrien,tadrien68@privacy.gov.au,Male,11.156.102.250
226,Christan,Fucher,cfucher69@weibo.com,Female,45.33.94.118
227,Kylie,Lessmare,klessmare6a@chicagotribune.com,Female,111.191.138.145
228,Melisande,Larrett,mlarrett6b@dyndns.org,Female,93.84.212.107
229,Daveen,Pechacek,dpechacek6c@soundcloud.com,Female,207.54.96.124
230,Eydie,Dykes,edykes6d@a8.net,Female,57.159.233.247
231,Curtis,Shimuk,cshimuk6e@pen.io,Male,167.50.157.76
232,Fonz,Cearley,fcearley6f@cbslocal.com,Male,137.209.143.233
233,Denice,Wainer,dwainer6g@cpanel.net,Female,27.69.129.37
234,Malena,Hearns,mhearns6h@howstuffworks.com,Female,106.117.167.100
235,Quincey,Leving,qleving6i@simplemachines.org,Male,123.58.253.245
236,Emmit,Meanwell,emeanwell6j@mit.edu,Male,78.52.241.59
237,Justina,Thorns,jthorns6k@bravesites.com,Female,193.46.198.164
238,Rickard,Lushey,rlushey6l@etsy.com,Non-binary,196.225.3.70
239,Rodina,Hegarty,rhegarty6m@infoseek.co.jp,Bigender,206.217.85.20
240,Wallis,Paschke,wpaschke6n@behance.net,Female,240.157.196.112
241,Vic,Roark,vroark6o@google.com,Male,84.76.27.56
242,Cathi,Ioselevich,cioselevich6p@goodreads.com,Female,63.243.155.141
243,Clarance,Altofts,caltofts6q@creativecommons.org,Male,63.247.126.7
244,Lisha,Consadine,lconsadine6r@redcross.org,Agender,33.227.242.206
245,Doug,Putnam,dputnam6s@ezinearticles.com,Male,146.165.216.44
246,Di,Kingham,dkingham6t@example.com,Female,62.168.48.104
247,Celle,Scryne,cscryne6u@vistaprint.com,Genderqueer,108.148.157.215
248,Reinold,Phlippi,rphlippi6v@harvard.edu,Male,92.77.164.29
249,Ari,Kennelly,akennelly6w@sciencedaily.com,Male,121.72.211.124
250,Roz,Paulin,rpaulin6x@bbc.co.uk,Female,109.3.128.141
251,Nikaniki,Bullion,nbullion6y@cornell.edu,Female,34.50.175.124
252,Dew,Konmann,dkonmann6z@cargocollective.com,Male,139.163.103.111
253,Burnard,Philpin,bphilpin70@e-recht24.de,Male,157.0.250.88
254,Nikolia,Themann,nthemann71@unc.edu,Bigender,175.55.127.101
255,Tremaine,Enric,tenric72@redcross.org,Bigender,147.122.54.217
256,Genni,Stagge,gstagge73@indiatimes.com,Genderqueer,31.56.32.61
257,Lauretta,Ridgway,lridgway74@latimes.com,Female,47.168.101.62
258,Gregorius,Sabatier,gsabatier75@unesco.org,Male,114.17.239.73
259,Concettina,Scardifield,cscardifield76@dedecms.com,Female,104.244.143.149
260,Marlena,Pow,mpow77@theatlantic.com,Female,70.171.168.51
261,Sammie,South,ssouth78@webeden.co.uk,Male,253.10.187.164
262,Addison,Dudderidge,adudderidge79@businessinsider.com,Male,143.247.48.11
263,Gertie,Eassom,geassom7a@latimes.com,Female,8.252.61.40
264,Gisella,Deppe,gdeppe7b@nature.com,Female,179.35.107.233
265,Gianni,Van De Cappelle,gvandecappelle7c@scientificamerican.com,Male,54.128.126.36
266,Tome,D'Antonio,tdantonio7d@usgs.gov,Male,112.15.236.251
267,Judith,Rowthorne,jrowthorne7e@sbwire.com,Female,194.121.207.5
268,Joe,Keher,jkeher7f@umich.edu,Genderfluid,246.152.182.95
269,Tadeo,Jay,tjay7g@pen.io,Male,162.120.250.13
270,Timothea,Woller,twoller7h@ask.com,Genderqueer,80.201.216.161
271,Lorry,Springle,lspringle7i@sitemeter.com,Male,66.235.1.246
272,Lora,Grabban,lgrabban7j@paginegialle.it,Female,72.68.127.8
273,Eldredge,Petyanin,epetyanin7k@sciencedaily.com,Male,198.246.2.117
274,Olly,Fryman,ofryman7l@gmpg.org,Female,221.156.151.176
275,Madeleine,Maingot,mmaingot7m@walmart.com,Female,75.133.133.149
276,Daryle,Cranmore,dcranmore7n@sina.com.cn,Male,145.162.55.124
277,Dav,Matteoli,dmatteoli7o@cbslocal.com,Male,203.168.70.182
278,Gardener,McGougan,gmcgougan7p@parallels.com,Male,202.99.159.198
279,Kane,Priter,kpriter7q@paypal.com,Male,28.171.92.166
280,Bradney,Shepard,bshepard7r@mapquest.com,Male,119.121.232.252
281,Myles,Bransdon,mbransdon7s@google.com.br,Male,220.227.110.123
282,Helenelizabeth,Moorcroft,hmoorcroft7t@xrea.com,Agender,180.164.0.1
283,Tillie,Chevers,tchevers7u@wufoo.com,Female,62.124.21.77
284,Anna-diane,Lumsden,alumsden7v@squidoo.com,Female,244.60.215.190
285,Oswald,Anchor,oanchor7w@symantec.com,Male,251.103.232.222
286,Leigh,Danbye,ldanbye7x@google.com,Female,138.157.162.82
287,Kattie,Artinstall,kartinstall7y@ow.ly,Female,129.195.87.203
288,Nannie,Aggas,naggas7z@jigsy.com,Female,6.1.16.70
289,Leena,Ferraro,lferraro80@vimeo.com,Female,168.130.152.245
290,Sandy,Jeanesson,sjeanesson81@icq.com,Male,123.125.233.126
291,Coralie,Pool,cpool82@epa.gov,Female,15.95.38.197
292,Danya,Starbeck,dstarbeck83@drupal.org,Male,111.134.87.95
293,Errick,Fields,efields84@google.com,Male,255.114.40.163
294,Moore,Labroue,mlabroue85@twitpic.com,Male,75.29.231.233
295,Lilyan,Yarham,lyarham86@disqus.com,Bigender,201.195.138.100
296,Dwayne,Ludwikiewicz,dludwikiewicz87@loc.gov,Male,67.116.165.242
297,Natka,Stringer,nstringer88@smugmug.com,Female,223.52.46.68
298,Nathanael,Loges,nloges89@bizjournals.com,Genderqueer,183.159.87.158
299,Myrle,O' Molan,momolan8a@cdc.gov,Female,92.88.103.234
300,Korney,Rutley,krutley8b@addthis.com,Non-binary,131.243.3.241
301,Ailyn,Sarfas,asarfas8c@hubpages.com,Female,223.17.71.31
302,Ilse,Dockree,idockree8d@creativecommons.org,Female,111.217.19.138
303,Meyer,Jerrolt,mjerrolt8e@desdev.cn,Male,133.25.204.139
304,Hallsy,Gabbatiss,hgabbatiss8f@mail.ru,Male,228.88.234.126
305,Klarrisa,Hankard,khankard8g@themeforest.net,Female,167.135.56.5
306,Margaretha,Rudsdell,mrudsdell8h@ucsd.edu,Female,123.232.187.56
307,Elijah,Bonnor,ebonnor8i@hatena.ne.jp,Male,36.213.14.219
308,Minna,Morphet,mmorphet8j@imgur.com,Female,129.238.2.16
309,Glen,Spooner,gspooner8k@dailymotion.com,Female,213.44.58.40
310,Missie,Filintsev,mfilintsev8l@exblog.jp,Female,193.17.109.154
311,Francisco,Sywell,fsywell8m@time.com,Male,223.153.208.76
312,Melodie,Pettersen,mpettersen8n@gravatar.com,Female,111.84.165.44
313,Pedro,Cookes,pcookes8o@jigsy.com,Male,160.188.111.177
314,Jonah,Chaston,jchaston8p@narod.ru,Male,2.198.128.26
315,Marris,Logan,mlogan8q@yahoo.co.jp,Female,113.127.102.21
316,Bree,Shemilt,bshemilt8r@aboutads.info,Female,165.121.242.252
317,Coriss,O'Hartnedy,cohartnedy8s@stanford.edu,Female,65.10.16.80
318,Candis,Yule,cyule8t@netvibes.com,Female,83.140.47.128
319,Thurstan,Rembrandt,trembrandt8u@eepurl.com,Male,126.117.62.6
320,Mamie,Daniels,mdaniels8v@theglobeandmail.com,Female,170.95.243.156
321,Faydra,Bohin,fbohin8w@cloudflare.com,Female,117.254.248.114
322,Eddy,Mateos,emateos8x@usnews.com,Male,246.179.201.77
323,Alphonse,Lakenton,alakenton8y@microsoft.com,Male,106.135.252.212
324,Fenelia,Georgeot,fgeorgeot8z@ebay.com,Female,135.50.34.161
325,Jordanna,McEniry,jmceniry90@ifeng.com,Female,57.108.227.19
326,Omar,Daventry,odaventry91@google.nl,Male,212.209.50.93
327,Peggy,Purvey,ppurvey92@yandex.ru,Non-binary,62.12.202.182
328,Curcio,Itzhayek,citzhayek93@opera.com,Male,178.250.94.240
329,Zuzana,Lampart,zlampart94@google.cn,Female,169.104.81.83
330,Mavis,Weiss,mweiss95@blogger.com,Female,240.68.247.170
331,Giustino,Cowdroy,gcowdroy96@cdc.gov,Bigender,81.191.212.194
332,Ramsey,Domoney,rdomoney97@surveymonkey.com,Male,28.90.22.208
333,Hartwell,Lithcow,hlithcow98@so-net.ne.jp,Male,2.111.29.177
334,Hersch,McShane,hmcshane99@toplist.cz,Male,129.241.8.174
335,Annecorinne,Kays,akays9a@constantcontact.com,Female,158.243.127.202
336,Carleton,Trewhela,ctrewhela9b@businesswire.com,Male,223.160.51.103
337,Demetre,Osband,dosband9c@multiply.com,Male,39.228.119.101
338,Cobbie,Leggatt,cleggatt9d@amazonaws.com,Male,248.84.125.191
339,Jodie,Moring,jmoring9e@usa.gov,Male,2.249.2.238
340,Vanya,Frame,vframe9f@google.com,Male,57.192.184.247
341,Franzen,Dallander,fdallander9g@unblog.fr,Male,254.245.224.84
342,Ursola,Galsworthy,ugalsworthy9h@ihg.com,Female,10.94.199.41
343,Betteanne,Cartner,bcartner9i@amazonaws.com,Female,27.119.210.227
344,Maren,Nisius,mnisius9j@topsy.com,Female,225.251.105.28
345,Penny,Asty,pasty9k@netscape.com,Female,68.120.206.180
346,Bidget,Ludwig,bludwig9l@utexas.edu,Female,6.98.62.186
347,Alisun,Moseley,amoseley9m@last.fm,Female,234.211.207.112
348,Rebekkah,Jilkes,rjilkes9n@hubpages.com,Female,90.241.137.172
349,Orbadiah,Dickie,odickie9o@time.com,Male,11.152.99.227
350,Hildegarde,Madden,hmadden9p@cbslocal.com,Female,98.146.172.5
351,Hamel,Carlucci,hcarlucci9q@gizmodo.com,Male,143.101.98.215
352,Stefa,Plaskitt,splaskitt9r@uol.com.br,Female,244.53.109.63
353,Lennard,Curro,lcurro9s@google.fr,Male,41.195.143.225
354,Corrie,Abisetti,cabisetti9t@tripod.com,Male,209.138.121.29
355,Lisha,Burkitt,lburkitt9u@yale.edu,Female,40.220.172.228
356,Archambault,Bonnavant,abonnavant9v@webnode.com,Male,21.135.21.142
357,Kleon,Lympenie,klympenie9w@time.com,Male,125.216.76.141
358,Perri,Gidney,pgidney9x@bizjournals.com,Female,1.157.227.252
359,Beauregard,Hollingsby,bhollingsby9y@soup.io,Male,150.113.119.132
360,Bird,Baterip,bbaterip9z@skype.com,Female,108.80.34.47
361,Connor,Sloan,csloana0@tinyurl.com,Male,43.175.80.149
362,Aldwin,Pottinger,apottingera1@1und1.de,Male,119.72.94.182
363,Codi,Feldmesser,cfeldmessera2@weather.com,Male,215.198.71.237
364,Wendeline,Cordova,wcordovaa3@digg.com,Female,94.7.91.240
365,Lurleen,Codd,lcodda4@ibm.com,Female,111.110.157.151
366,Rona,Ivakhnov,rivakhnova5@parallels.com,Female,23.30.106.189
367,Haily,Passmore,hpassmorea6@qq.com,Male,75.79.223.31
368,Gerard,Bartomieu,gbartomieua7@cisco.com,Male,200.30.0.72
369,Giselbert,Golborne,ggolbornea8@issuu.com,Bigender,103.60.90.130
370,Welch,Christoffe,wchristoffea9@studiopress.com,Male,46.13.189.210
371,Wolfy,McVane,wmcvaneaa@wikispaces.com,Male,173.205.155.105
372,Ramon,Eborall,reborallab@amazon.co.jp,Genderqueer,121.19.237.135
373,Tamma,Duggan,tdugganac@skyrock.com,Female,65.11.255.101
374,Cooper,Pessel,cpesselad@imgur.com,Male,20.203.138.129
375,Gordon,Kynnd,gkynndae@squarespace.com,Male,167.220.88.27
376,Dela,Langham,dlanghamaf@ask.com,Female,78.100.209.18
377,Ruby,Murty,rmurtyag@globo.com,Female,139.15.129.239
378,Pauly,Marcq,pmarcqah@businessweek.com,Male,118.86.237.116
379,Nancie,Bassindale,nbassindaleai@google.com.au,Female,184.145.244.121
380,Auberon,Shillitto,ashillittoaj@linkedin.com,Genderqueer,233.10.234.63
381,Ches,Probbings,cprobbingsak@twitpic.com,Male,80.46.109.55
382,Pen,Belford,pbelfordal@blog.com,Female,116.42.174.73
383,Ike,Rosen,irosenam@usatoday.com,Male,101.41.248.32
384,Josephina,Baddeley,jbaddeleyan@sitemeter.com,Female,76.151.208.61
385,Noll,Chomicz,nchomiczao@edublogs.org,Male,13.167.22.206
386,Suzi,Mabone,smaboneap@sphinn.com,Female,197.160.180.104
387,Jenn,Bourdel,jbourdelaq@theglobeandmail.com,Female,230.17.67.145
388,Dyana,Veck,dveckar@rakuten.co.jp,Genderfluid,167.24.141.213
389,Georgette,Heustice,gheusticeas@zdnet.com,Female,233.203.249.170
390,Ginger,Budik,gbudikat@marketwatch.com,Male,38.60.209.155
391,Kerstin,Mecco,kmeccoau@kickstarter.com,Female,140.168.194.36
392,Zora,Warcop,zwarcopav@rambler.ru,Female,32.1.238.147
393,Aubrey,Clarae,aclaraeaw@elegantthemes.com,Female,96.5.204.252
394,Remus,Balsom,rbalsomax@so-net.ne.jp,Male,26.116.149.223
395,Newton,Belt,nbeltay@shareasale.com,Male,49.159.35.157
396,Mehetabel,Foulser,mfoulseraz@walmart.com,Female,65.223.200.26
397,Kirstin,Hubbert,khubbertb0@blog.com,Female,241.71.33.101
398,Sherilyn,Rowter,srowterb1@earthlink.net,Female,135.251.204.136
399,Annis,Albinson,aalbinsonb2@freewebs.com,Female,158.89.201.126
400,Waneta,Fort,wfortb3@360.cn,Female,18.32.158.117
401,Jacqui,Sennett,jsennettb4@myspace.com,Female,54.231.160.141
402,Welby,Benyan,wbenyanb5@elpais.com,Male,232.151.130.16
403,Conni,Sparshatt,csparshattb6@flickr.com,Female,69.180.52.232
404,Janis,Tierney,jtierneyb7@imdb.com,Genderfluid,146.226.202.143
405,Dell,Borel,dborelb8@nsw.gov.au,Genderqueer,158.13.172.90
406,Ravid,Koppke,rkoppkeb9@arizona.edu,Male,187.115.126.162
407,Nancie,Anderson,nandersonba@yolasite.com,Female,206.163.97.140
408,Mariellen,Borland,mborlandbb@nps.gov,Female,248.26.12.219
409,Penni,Aldersea,palderseabc@taobao.com,Agender,188.232.219.27
410,Janey,Corrao,jcorraobd@sciencedaily.com,Female,179.12.96.41
411,Raynor,Shatliff,rshatliffbe@nationalgeographic.com,Male,104.106.44.243
412,Erskine,Ranken,erankenbf@pcworld.com,Male,60.161.221.250
413,Blondelle,Bazell,bbazellbg@eventbrite.com,Female,130.7.254.96
414,Axe,Goublier,agoublierbh@wufoo.com,Male,20.47.21.210
415,Gaby,Krysztofowicz,gkrysztofowiczbi@4shared.com,Male,237.77.132.53
416,Cos,Van der Beken,cvanderbekenbj@ftc.gov,Male,255.41.191.48
417,Peadar,Caulton,pcaultonbk@npr.org,Male,159.152.17.198
418,Amil,Martt,amarttbl@multiply.com,Female,72.81.72.0
419,Pincas,Haxby,phaxbybm@unblog.fr,Male,6.66.134.189
420,Zorine,Colombier,zcolombierbn@devhub.com,Female,39.173.153.36
421,Bevin,Faire,bfairebo@constantcontact.com,Male,246.20.159.57
422,Micky,Millwall,mmillwallbp@nba.com,Female,192.205.117.76
423,Hogan,Weedon,hweedonbq@qq.com,Male,102.26.30.201
424,Armando,Ber,aberbr@bluehost.com,Male,92.61.206.116
425,Adolpho,Vasilchenko,avasilchenkobs@fastcompany.com,Male,72.28.170.227
426,Zachariah,Maven,zmavenbt@google.com.br,Male,42.51.23.180
427,Jeanelle,Bockin,jbockinbu@spiegel.de,Female,90.160.169.138
428,Royce,Delves,rdelvesbv@amazon.co.uk,Male,118.233.100.156
429,Jeniece,Keach,jkeachbw@google.com,Female,130.218.11.4
430,Carley,Camp,ccampbx@jugem.jp,Female,189.166.4.61
431,Max,Ettritch,mettritchby@google.co.uk,Female,20.95.201.9
432,Barnie,Cortese,bcortesebz@blogs.com,Male,231.109.91.148
433,Parker,Kraft,pkraftc0@alibaba.com,Male,192.132.218.236
434,Cookie,Goodier,cgoodierc1@weather.com,Female,192.255.0.20
435,Adolphe,Rodda,aroddac2@tamu.edu,Male,253.101.120.164
436,John,Mallinson,jmallinsonc3@upenn.edu,Male,10.9.12.98
437,Emmy,Yankin,eyankinc4@joomla.org,Female,40.182.58.80
438,Humfrid,Bonhan,hbonhanc5@scribd.com,Male,6.221.214.232
439,Hermine,Foote,hfootec6@163.com,Female,18.2.215.135
440,Ciro,Chestney,cchestneyc7@intel.com,Male,42.160.72.9
441,Ruthanne,Zanre,rzanrec8@rambler.ru,Female,235.253.184.52
442,Herby,Rudinger,hrudingerc9@flavors.me,Male,108.151.219.190
443,Constanta,Streets,cstreetsca@archive.org,Genderqueer,242.195.27.31
444,Lucio,Conti,lconticb@nhs.uk,Male,243.247.150.28
445,Vlad,Coppard,vcoppardcc@desdev.cn,Male,30.239.197.44
446,Egan,Haseldine,ehaseldinecd@4shared.com,Male,77.77.38.159
447,Phelia,Holdworth,pholdworthce@usnews.com,Female,9.191.207.87
448,Giffie,Lamplugh,glamplughcf@oracle.com,Male,124.58.230.52
449,Cariotta,Vaskin,cvaskincg@slideshare.net,Female,177.175.62.120
450,Goddart,McGuffie,gmcguffiech@shareasale.com,Male,255.48.39.73
451,Tomlin,Verlinde,tverlindeci@indiatimes.com,Male,131.174.212.187
452,Rochelle,Chorley,rchorleycj@nasa.gov,Female,68.170.7.215
453,Jackie,Stern,jsternck@wikipedia.org,Female,133.54.10.32
454,Daryle,Levermore,dlevermorecl@canalblog.com,Male,17.214.93.93
455,Fransisco,Bellini,fbellinicm@artisteer.com,Male,26.178.196.138
456,Kristien,Trytsman,ktrytsmancn@irs.gov,Female,150.214.107.114
457,Cosimo,Emanson,cemansonco@arizona.edu,Male,139.234.94.190
458,Clevie,Barff,cbarffcp@slashdot.org,Male,87.38.45.25
459,Vassili,Glasscoo,vglasscoocq@freewebs.com,Non-binary,186.214.91.136
460,Budd,Cockburn,bcockburncr@apple.com,Genderfluid,122.83.245.154
461,Tybi,Breazeall,tbreazeallcs@stanford.edu,Female,214.138.69.121
462,Aldo,Eliez,aeliezct@weebly.com,Male,230.99.155.121
463,Adler,Fetherby,afetherbycu@diigo.com,Male,222.255.180.195
464,Randolph,Cristou,rcristoucv@wikispaces.com,Male,206.85.108.203
465,Neila,Blacklock,nblacklockcw@twitter.com,Female,92.233.163.167
466,Melinde,Stracey,mstraceycx@jalbum.net,Female,150.67.235.156
467,Lazar,Ponceford,lponcefordcy@weibo.com,Male,234.49.49.90
468,Hadlee,Elles,hellescz@ftc.gov,Male,4.175.219.192
469,Alisun,Willock,awillockd0@gravatar.com,Female,222.67.59.88
470,Cirstoforo,Breens,cbreensd1@github.com,Genderqueer,151.50.63.5
471,Sheridan,Etchell,setchelld2@meetup.com,Male,19.155.76.76
472,Candra,O'Kenny,cokennyd3@posterous.com,Female,186.47.227.215
473,Timmie,Grishanin,tgrishanind4@symantec.com,Bigender,254.134.199.232
474,Isaak,Fermoy,ifermoyd5@taobao.com,Male,1.136.249.198
475,Jayme,Hinrich,jhinrichd6@google.com,Male,220.170.219.180
476,Base,Elcom,belcomd7@nasa.gov,Genderfluid,24.248.56.193
477,Aguistin,Raynor,araynord8@list-manage.com,Male,189.79.68.65
478,Giraud,Mingotti,gmingottid9@meetup.com,Male,198.232.120.253
479,Kyle,Strathman,kstrathmanda@guardian.co.uk,Male,246.193.55.32
480,Hillie,Jorgesen,hjorgesendb@jiathis.com,Male,164.50.181.231
481,Christiana,Worthing,cworthingdc@admin.ch,Female,144.102.55.226
482,Penny,Nutkin,pnutkindd@xinhuanet.com,Male,146.104.102.80
483,Pasquale,Ridout,pridoutde@myspace.com,Male,93.142.20.94
484,Emilia,Edgin,eedgindf@usatoday.com,Female,137.54.138.102
485,Uriah,Campion,ucampiondg@desdev.cn,Male,26.144.108.171
486,Nadiya,Levecque,nlevecquedh@soup.io,Female,120.162.20.196
487,Trixy,Pallatina,tpallatinadi@google.ru,Female,94.13.203.146
488,Willy,Echlin,wechlindj@ucoz.ru,Male,138.35.4.240
489,Flori,Juares,fjuaresdk@narod.ru,Female,249.42.66.191
490,Hadria,McElory,hmcelorydl@yandex.ru,Female,200.78.78.118
491,Sergeant,Blaydon,sblaydondm@who.int,Male,29.187.21.180
492,Mirabella,Antham,manthamdn@pen.io,Female,227.11.124.240
493,Bev,Mourant,bmourantdo@samsung.com,Genderqueer,110.87.114.53
494,Silvanus,Marven,smarvendp@europa.eu,Male,52.104.77.75
495,Trixie,Vedekhin,tvedekhindq@4shared.com,Female,204.211.184.54
496,Adina,Crinion,acriniondr@archive.org,Female,25.195.226.212
497,Tuesday,Dupey,tdupeyds@japanpost.jp,Female,84.72.138.202
498,Estell,Utteridge,eutteridgedt@umn.edu,Female,182.100.73.135
499,Pru,Whenham,pwhenhamdu@miibeian.gov.cn,Female,225.199.230.193
500,Lidia,Jossum,ljossumdv@cnet.com,Female,36.79.121.247
501,Juliette,Mourbey,jmourbeydw@yolasite.com,Female,134.200.186.138
502,Jenifer,Tresvina,jtresvinadx@cloudflare.com,Bigender,184.59.225.125
503,Anastasia,Gummary,agummarydy@google.ca,Female,29.202.156.64
504,Gaston,Blonfield,gblonfielddz@vinaora.com,Male,54.6.133.182
505,Noelle,Bulcock,nbulcocke0@springer.com,Female,51.224.160.189
506,Tulley,Couling,tcoulinge1@csmonitor.com,Male,121.86.79.236
507,Therese,Courtenay,tcourtenaye2@gmpg.org,Female,121.25.99.248
508,Juanita,Hounsome,jhounsomee3@boston.com,Female,54.176.44.143
509,Hewett,Bisson,hbissone4@ocn.ne.jp,Male,119.67.247.66
510,Stanton,Lade,sladee5@multiply.com,Male,173.27.9.121
511,Mervin,Bleue,mbleuee6@craigslist.org,Male,14.163.96.207
512,Karie,Calladine,kcalladinee7@abc.net.au,Female,158.250.225.90
513,Meg,Trouel,mtrouele8@ucoz.ru,Female,66.174.150.8
514,Calida,Varran,cvarrane9@php.net,Female,229.128.11.223
515,Herby,O'Cridigan,hocridiganea@unc.edu,Male,30.111.207.108
516,Estella,Preddle,epreddleeb@ehow.com,Female,34.106.85.142
517,Florette,Macilhench,fmacilhenchec@prnewswire.com,Female,148.99.196.138
518,Sasha,Collough,scolloughed@youtube.com,Female,117.118.215.229
519,Onofredo,Davies,odaviesee@google.it,Male,16.2.182.5
520,Joann,Eyre,jeyreef@hhs.gov,Female,213.254.66.76
521,Mariska,Petyakov,mpetyakoveg@newsvine.com,Female,7.240.239.164
522,Antin,Marrington,amarringtoneh@cmu.edu,Male,16.63.135.158
523,Jinny,Barts,jbartsei@bbc.co.uk,Female,227.59.54.59
524,Alister,Ovize,aovizeej@nih.gov,Male,214.31.219.81
525,Reggis,Servant,rservantek@samsung.com,Male,197.107.104.65
526,Carmelia,Szymanowski,cszymanowskiel@youku.com,Female,89.1.81.55
527,Abramo,Prene,apreneem@ustream.tv,Male,152.127.105.16
528,Hamnet,Lambdean,hlambdeanen@illinois.edu,Male,187.214.49.83
529,Stanton,Mulliss,smullisseo@seesaa.net,Male,129.105.136.209
530,Krishnah,Dugmore,kdugmoreep@wp.com,Male,117.214.223.226
531,Ricoriki,Thompson,rthompsoneq@tinypic.com,Male,95.107.110.48
532,Juliane,Swaite,jswaiteer@sohu.com,Female,234.197.211.110
533,Ezri,Regorz,eregorzes@buzzfeed.com,Male,216.48.255.144
534,Mechelle,Bardell,mbardellet@msu.edu,Bigender,60.210.26.71
535,Carrissa,Bartholomaus,cbartholomauseu@fotki.com,Female,78.55.83.118
536,Jerrold,Gillebride,jgillebrideev@com.com,Male,51.230.19.116
537,Erwin,Snalum,esnalumew@so-net.ne.jp,Male,10.177.246.85
538,Jewel,Staten,jstatenex@china.com.cn,Female,250.21.199.21
539,Chane,Cammomile,ccammomileey@aboutads.info,Male,30.100.26.166
540,Lily,Swarbrigg,lswarbriggez@tamu.edu,Female,7.83.194.155
541,Rosalia,Cakes,rcakesf0@phpbb.com,Female,149.102.189.15
542,Devora,Hindge,dhindgef1@a8.net,Female,158.208.115.98
543,Briano,Hrinishin,bhrinishinf2@tripod.com,Genderfluid,204.116.163.25
544,Eddi,Coverlyn,ecoverlynf3@lycos.com,Female,5.107.7.141
545,Marni,Dearlove,mdearlovef4@wsj.com,Female,246.191.30.193
546,Matteo,Clogg,mcloggf5@ezinearticles.com,Male,117.245.209.63
547,Andy,O'Crigan,aocriganf6@answers.com,Male,197.171.99.26
548,Rodger,Outright,routrightf7@narod.ru,Male,85.43.236.160
549,Fraze,Boddam,fboddamf8@eventbrite.com,Male,21.211.128.47
550,Kane,Abrey,kabreyf9@163.com,Male,191.212.40.188
551,Nerissa,Wrigglesworth,nwrigglesworthfa@youtu.be,Female,63.125.34.110
552,Carlotta,Moncreiff,cmoncreifffb@paginegialle.it,Female,232.229.12.194
553,Garald,Polglase,gpolglasefc@dell.com,Male,10.24.127.242
554,Beniamino,Folley,bfolleyfd@yale.edu,Male,225.85.9.192
555,Lem,Pitrollo,lpitrollofe@alexa.com,Genderfluid,211.248.188.130
556,Christyna,Lambillion,clambillionff@skype.com,Genderfluid,246.85.229.121
557,Goraud,Avarne,gavarnefg@china.com.cn,Male,51.102.175.209
558,Zach,Clues,zcluesfh@youtu.be,Male,132.46.20.251
559,Mehetabel,Weinmann,mweinmannfi@naver.com,Female,41.196.238.135
560,Jeana,Borg-Bartolo,jborgbartolofj@flavors.me,Agender,111.204.242.134
561,Hildagard,Serrurier,hserrurierfk@ycombinator.com,Female,101.25.247.143
562,Corbett,Grelik,cgrelikfl@hatena.ne.jp,Male,31.52.157.231
563,Ricoriki,Doudney,rdoudneyfm@exblog.jp,Male,196.239.247.23
564,Pace,Badwick,pbadwickfn@yale.edu,Male,140.65.109.18
565,Mackenzie,Glede,mgledefo@issuu.com,Male,251.130.244.83
566,Marin,Asbrey,masbreyfp@indiegogo.com,Female,171.252.159.53
567,Schuyler,Sandyford,ssandyfordfq@pinterest.com,Male,205.29.113.77
568,Annissa,Hulles,ahullesfr@trellian.com,Female,218.136.19.94
569,Lilian,McWhinnie,lmcwhinniefs@theatlantic.com,Agender,128.209.111.137
570,Quintilla,Callen,qcallenft@wikia.com,Female,77.145.216.178
571,Otto,McMackin,omcmackinfu@abc.net.au,Male,248.58.29.115
572,Jacky,Tidcombe,jtidcombefv@cyberchimps.com,Male,235.140.235.36
573,Jo ann,Stoffler,jstofflerfw@aol.com,Female,13.72.12.167
574,Hiram,Heiss,hheissfx@wikipedia.org,Male,174.150.135.215
575,Salvador,Bulcroft,sbulcroftfy@ft.com,Male,157.19.113.46
576,Gerta,Fardo,gfardofz@mayoclinic.com,Female,203.212.45.26
577,Harriott,Carsey,hcarseyg0@rambler.ru,Female,238.231.185.118
578,Fonsie,Jolliffe,fjolliffeg1@cam.ac.uk,Male,244.187.179.217
579,Giusto,Grouen,ggroueng2@soup.io,Male,176.230.233.65
580,Roch,Klimochkin,rklimochking3@google.ca,Female,92.207.43.12
581,Roman,Madine,rmadineg4@europa.eu,Male,46.40.44.47
582,Maggie,Murrock,mmurrockg5@google.it,Bigender,75.40.186.0
583,Claudius,Dulson,cdulsong6@exblog.jp,Male,211.189.44.35
584,Anton,Jarrold,ajarroldg7@paypal.com,Male,210.108.152.201
585,Sylvester,Mussington,smussingtong8@vkontakte.ru,Male,124.208.242.93
586,Ford,Haibel,fhaibelg9@pinterest.com,Male,106.175.212.86
587,Brice,Lydden,blyddenga@amazon.com,Male,121.225.27.236
588,Ethelyn,Klimecki,eklimeckigb@abc.net.au,Female,246.111.143.90
589,Annabel,Dawid,adawidgc@linkedin.com,Polygender,143.108.107.132
590,Jenilee,Jenkison,jjenkisongd@i2i.jp,Female,239.75.162.38
591,Stephie,Chomicz,schomiczge@behance.net,Female,247.228.72.118
592,Gene,Snashall,gsnashallgf@unesco.org,Female,65.88.202.210
593,Gabriella,Vitte,gvittegg@wufoo.com,Female,79.255.115.55
594,Star,Ousley,sousleygh@opera.com,Female,165.194.91.211
595,Clevie,Werrit,cwerritgi@lulu.com,Male,20.190.105.58
596,Adriaens,Roadnight,aroadnightgj@noaa.gov,Female,47.0.185.238
597,Neel,Newling,nnewlinggk@tamu.edu,Genderqueer,194.18.111.180
598,Florri,Lukacs,flukacsgl@techcrunch.com,Female,233.124.132.123
599,Si,Bidder,sbiddergm@plala.or.jp,Male,32.187.49.23
600,Gerladina,Rannald,grannaldgn@pinterest.com,Female,24.61.192.253
601,Bellina,Andrich,bandrichgo@weebly.com,Female,162.103.233.94
602,Joly,Couthard,jcouthardgp@techcrunch.com,Female,52.2.148.252
603,Englebert,Dayce,edaycegq@elpais.com,Male,150.4.132.65
604,Patin,Salzberger,psalzbergergr@webs.com,Male,78.203.80.188
605,Marris,Summerrell,msummerrellgs@linkedin.com,Female,215.211.68.239
606,Rubie,Marousek,rmarousekgt@amazon.co.uk,Female,27.200.157.96
607,Alidia,Getcliffe,agetcliffegu@washington.edu,Female,238.144.9.107
608,Godwin,Tallyn,gtallyngv@friendfeed.com,Male,14.17.12.62
609,Hendrik,Lemon,hlemongw@mediafire.com,Male,199.101.54.210
610,Constantia,Dodgson,cdodgsongx@bbc.co.uk,Female,159.151.10.120
611,Doria,Westman,dwestmangy@123-reg.co.uk,Female,222.245.227.132
612,Stefano,Scutchings,sscutchingsgz@about.com,Male,101.246.45.37
613,Lorenzo,Feavearyear,lfeavearyearh0@nytimes.com,Male,200.179.191.61
614,Constantine,Nuttey,cnutteyh1@e-recht24.de,Male,147.214.36.223
615,Lesya,Kemmey,lkemmeyh2@mapy.cz,Female,99.117.170.25
616,Normand,Tuffley,ntuffleyh3@bravesites.com,Male,112.135.106.246
617,Tristan,Moule,tmouleh4@accuweather.com,Male,93.112.62.165
618,Jeni,Christie,jchristieh5@wufoo.com,Female,255.180.13.91
619,Danette,Choke,dchokeh6@meetup.com,Female,142.240.213.128
620,Earlie,Kalker,ekalkerh7@ning.com,Male,143.239.189.210
621,Lynna,Connealy,lconnealyh8@prweb.com,Female,13.129.205.181
622,Chris,Haswell,chaswellh9@icq.com,Genderqueer,46.158.217.167
623,Ripley,Deeble,rdeebleha@admin.ch,Male,149.158.118.215
624,Paulie,Burchard,pburchardhb@reddit.com,Male,190.56.50.62
625,Luce,Mayoh,lmayohhc@cam.ac.uk,Female,80.157.15.156
626,Shepard,Wardingly,swardinglyhd@newsvine.com,Male,224.137.251.224
627,Katha,Baglan,kbaglanhe@nydailynews.com,Female,73.254.224.47
628,Leeann,Szantho,lszanthohf@blogspot.com,Female,114.166.100.217
629,Bernadine,Coche,bcochehg@yolasite.com,Female,186.163.231.246
630,Aurora,Tuny,atunyhh@princeton.edu,Female,45.154.153.235
631,Frazer,Brierton,fbriertonhi@washingtonpost.com,Male,22.104.79.135
632,Oren,Carus,ocarushj@ucla.edu,Male,62.70.140.109
633,Jocko,Gerleit,jgerleithk@artisteer.com,Male,223.109.238.116
634,Frederique,Wenderoth,fwenderothhl@economist.com,Female,42.37.14.93
635,Lynnet,Dendle,ldendlehm@va.gov,Female,130.37.87.176
636,Ole,Bernini,oberninihn@smh.com.au,Polygender,23.178.11.250
637,Emerson,Marfe,emarfeho@telegraph.co.uk,Male,187.212.127.39
638,Rheba,Santus,rsantushp@studiopress.com,Female,52.110.213.70
639,Jana,Andrewartha,jandrewarthahq@mlb.com,Agender,68.38.79.41
640,Constantine,Pentony,cpentonyhr@washingtonpost.com,Female,147.60.110.249
641,Darius,Fletcher,dfletcherhs@bbc.co.uk,Male,167.243.227.219
642,Joanna,Thalmann,jthalmannht@google.com.hk,Genderfluid,17.166.186.111
643,Corina,Airey,caireyhu@pen.io,Female,207.46.209.30
644,Conant,Mainwaring,cmainwaringhv@51.la,Male,255.254.247.140
645,Vivianne,Janssens,vjanssenshw@alexa.com,Female,73.207.71.24
646,Shel,Muccino,smuccinohx@google.co.uk,Female,26.116.216.161
647,Shurlocke,Chiplen,schiplenhy@clickbank.net,Male,213.214.130.224
648,Xymenes,Tooker,xtookerhz@seattletimes.com,Male,31.66.178.22
649,Ronny,Croster,rcrosteri0@auda.org.au,Female,62.165.15.212
650,Marmaduke,Williams,mwilliamsi1@nih.gov,Bigender,118.161.100.43
651,Robinetta,Filippozzi,rfilippozzii2@amazonaws.com,Female,47.87.58.7
652,Burk,Matteacci,bmatteaccii3@huffingtonpost.com,Male,208.101.14.91
653,Jacqui,Legonidec,jlegonideci4@amazon.co.uk,Female,195.217.198.113
654,Emily,Delooze,edeloozei5@google.co.uk,Female,45.242.179.245
655,Gardie,Ruskin,gruskini6@tmall.com,Male,125.42.238.34
656,Reilly,Deare,rdearei7@bluehost.com,Male,198.75.219.25
657,Mack,Haulkham,mhaulkhami8@nymag.com,Male,150.64.237.190
658,Palm,Janku,pjankui9@smugmug.com,Male,169.55.168.107
659,Davina,Binyon,dbinyonia@msu.edu,Female,25.109.144.145
660,Rudolfo,Leinster,rleinsterib@ifeng.com,Male,248.181.36.203
661,Emmalynne,Kneale,eknealeic@ehow.com,Non-binary,244.81.180.220
662,Cilka,Dryburgh,cdryburghid@quantcast.com,Female,208.212.52.100
663,Hewie,Pittwood,hpittwoodie@chicagotribune.com,Male,123.189.57.55
664,Rivy,Dubbin,rdubbinif@so-net.ne.jp,Female,75.141.83.45
665,Germaine,Eustes,geustesig@live.com,Agender,96.88.1.49
666,Felicle,Becraft,fbecraftih@utexas.edu,Female,227.89.123.255
667,Merralee,Leys,mleysii@ovh.net,Female,191.30.56.159
668,Nessie,Catford,ncatfordij@forbes.com,Non-binary,218.124.113.151
669,Jae,Robrose,jrobroseik@mlb.com,Male,147.146.153.112
670,Penelopa,McIndrew,pmcindrewil@slate.com,Female,13.221.253.253
671,Hillyer,Pinard,hpinardim@hp.com,Male,122.161.236.43
672,Dorothy,Lawee,dlaweein@mit.edu,Female,110.119.227.6
673,Quint,Jaggi,qjaggiio@admin.ch,Male,79.228.3.169
674,Dew,Agron,dagronip@plala.or.jp,Male,29.21.124.231
675,Floris,Ellsom,fellsomiq@weather.com,Female,170.229.251.151
676,Vicki,Felten,vfeltenir@admin.ch,Female,125.38.202.180
677,Livvie,Lidgate,llidgateis@shareasale.com,Genderqueer,190.171.15.43
678,Stu,Sussems,ssussemsit@theglobeandmail.com,Male,4.161.36.232
679,Meredithe,Le Merchant,mlemerchantiu@163.com,Female,194.115.88.74
680,Chere,Daw,cdawiv@ft.com,Female,227.65.158.131
681,Jeni,Pevreal,jpevrealiw@addtoany.com,Female,16.51.94.46
682,Del,Linkin,dlinkinix@japanpost.jp,Female,114.206.60.180
683,Chrotoem,Kierans,ckieransiy@hubpages.com,Male,211.106.108.204
684,Mariette,Eaken,meakeniz@google.cn,Female,54.76.163.72
685,Lark,Brognot,lbrognotj0@last.fm,Female,246.53.71.142
686,Yancey,Dundon,ydundonj1@cbsnews.com,Genderfluid,174.82.105.124
687,Willi,Scutchin,wscutchinj2@tinypic.com,Agender,17.2.20.100
688,Deloris,Ducastel,dducastelj3@comcast.net,Female,94.251.140.196
689,Audre,Charrington,acharringtonj4@feedburner.com,Female,211.44.203.162
690,Jan,Ivatt,jivattj5@twitpic.com,Male,134.158.14.15
691,Garald,Darinton,gdarintonj6@nasa.gov,Male,201.214.105.64
692,Jehu,Klimuk,jklimukj7@google.es,Male,227.174.5.123
693,Aleda,Woodman,awoodmanj8@auda.org.au,Agender,119.136.63.49
694,Marylee,Pietzke,mpietzkej9@netlog.com,Female,81.215.115.60
695,Verney,Sever,vseverja@wp.com,Male,10.50.255.251
696,Shawnee,Joanaud,sjoanaudjb@businesswire.com,Female,135.140.93.96
697,Octavius,Danahar,odanaharjc@loc.gov,Male,224.92.223.227
698,Arlinda,Mc Meekan,amcmeekanjd@360.cn,Female,99.25.39.102
699,Gregoire,Gonin,ggoninje@blinklist.com,Male,47.5.12.96
700,Osgood,Mears,omearsjf@aol.com,Male,173.65.119.229
701,Theodosia,Denford,tdenfordjg@biglobe.ne.jp,Female,22.206.214.207
702,Jean,Whitrod,jwhitrodjh@constantcontact.com,Male,244.99.109.57
703,Vina,Lohde,vlohdeji@mail.ru,Non-binary,86.199.143.153
704,Darby,Dendon,ddendonjj@etsy.com,Female,54.246.68.179
705,Cassy,Stable,cstablejk@loc.gov,Female,121.54.173.74
706,Leonard,Gauthorpp,lgauthorppjl@who.int,Male,8.13.117.62
707,Flory,Gimbrett,fgimbrettjm@youtube.com,Female,39.73.4.87
708,Rriocard,Haslen,rhaslenjn@ucoz.com,Male,87.111.94.152
709,Britni,Lumox,blumoxjo@addtoany.com,Female,250.83.196.47
710,Griffy,Mayell,gmayelljp@exblog.jp,Male,79.121.178.79
711,Arturo,Bruster,abrusterjq@columbia.edu,Male,75.209.81.1
712,Thadeus,Bridger,tbridgerjr@acquirethisname.com,Male,191.63.67.97
713,Helsa,Fordy,hfordyjs@webnode.com,Female,87.173.98.86
714,Morie,Cordrey,mcordreyjt@github.com,Male,200.219.142.226
715,Corilla,Realff,crealffju@howstuffworks.com,Female,166.24.117.150
716,Sharia,Davidsen,sdavidsenjv@multiply.com,Female,161.253.130.229
717,Waverly,Telega,wtelegajw@hibu.com,Non-binary,13.113.3.112
718,Aliza,Perutto,aperuttojx@chron.com,Genderqueer,179.182.88.151
719,Killy,Wrout,kwroutjy@yandex.ru,Male,120.150.118.211
720,Palmer,McKiernan,pmckiernanjz@alexa.com,Male,2.109.179.39
721,Aaron,Lawes,alawesk0@flickr.com,Male,105.173.37.101
722,Jacques,Nary,jnaryk1@woothemes.com,Male,43.184.197.39
723,Alexis,Arnout,aarnoutk2@amazon.de,Female,138.69.173.149
724,Edyth,Harfoot,eharfootk3@skype.com,Female,63.115.238.116
725,Kermit,Ricoald,kricoaldk4@feedburner.com,Male,118.157.107.26
726,Enrica,Rushworth,erushworthk5@princeton.edu,Female,37.142.17.202
727,Gillan,Duley,gduleyk6@lycos.com,Female,28.1.63.224
728,Perle,Legan,plegank7@gov.uk,Female,117.108.9.85
729,Loralee,Caverhill,lcaverhillk8@independent.co.uk,Female,68.17.167.117
730,Shirlene,Pude,spudek9@freewebs.com,Female,1.129.108.61
731,Chas,Stannis,cstanniska@google.co.jp,Male,111.55.3.114
732,Nonah,Kropp,nkroppkb@seattletimes.com,Female,91.123.155.132
733,Gilbert,MacFarlan,gmacfarlankc@infoseek.co.jp,Male,123.33.20.226
734,Jacinta,Alexsandrov,jalexsandrovkd@canalblog.com,Female,109.6.32.14
735,Devy,Tavener,dtavenerke@cafepress.com,Male,208.85.113.40
736,Berti,Vogelein,bvogeleinkf@dedecms.com,Male,102.213.254.64
737,Talyah,Caret,tcaretkg@printfriendly.com,Female,189.75.254.124
738,Judye,Dupey,jdupeykh@ed.gov,Female,201.249.77.159
739,Katharina,Chrstine,kchrstineki@msn.com,Female,21.4.15.125
740,Hubert,Catcherside,hcatchersidekj@scribd.com,Male,68.59.75.203
741,Eyde,Spargo,espargokk@hibu.com,Female,126.230.223.46
742,Rebecka,Benettini,rbenettinikl@marketwatch.com,Female,211.197.60.147
743,Cosetta,Eilhersen,ceilhersenkm@behance.net,Female,187.215.30.122
744,Domini,Jurca,djurcakn@hubpages.com,Female,165.196.73.167
745,Carla,Baillie,cbaillieko@china.com.cn,Female,191.23.93.134
746,Jamie,Kobel,jkobelkp@amazon.com,Female,215.80.252.174
747,Ab,Sprott,asprottkq@senate.gov,Male,142.50.157.205
748,Eudora,Feaveer,efeaveerkr@twitter.com,Female,253.199.113.182
749,Thibaud,Trueman,ttruemanks@dagondesign.com,Male,241.152.86.80
750,Lynnea,Kleinzweig,lkleinzweigkt@oakley.com,Female,241.146.163.78
751,Benetta,Magowan,bmagowanku@noaa.gov,Female,44.174.130.246
752,Mead,Strettle,mstrettlekv@chicagotribune.com,Male,137.33.191.80
753,Valdemar,Guerrin,vguerrinkw@bloomberg.com,Male,250.207.1.59
754,Dorella,McKendo,dmckendokx@wikia.com,Female,240.204.66.106
755,Daria,Mahon,dmahonky@ucsd.edu,Genderfluid,253.248.73.182
756,Dill,Woodstock,dwoodstockkz@wikipedia.org,Male,49.239.172.41
757,Obidiah,Heighway,oheighwayl0@hubpages.com,Male,178.52.225.156
758,Erminia,Cullagh,ecullaghl1@is.gd,Female,175.238.227.241
759,Arlie,Chittie,achittiel2@dyndns.org,Female,90.5.93.138
760,Hillel,Parsell,hparselll3@dropbox.com,Male,138.217.74.133
761,Holly,Bortolotti,hbortolottil4@archive.org,Male,70.113.21.252
762,Lorianna,Doxsey,ldoxseyl5@nps.gov,Female,156.38.215.138
763,Torie,Smidmor,tsmidmorl6@nifty.com,Female,219.126.163.151
764,Mortie,Phuprate,mphupratel7@mit.edu,Male,19.91.83.243
765,Zane,Braunston,zbraunstonl8@mediafire.com,Male,111.244.212.85
766,Edik,Palumbo,epalumbol9@java.com,Male,147.235.158.76
767,Kelcy,Elder,kelderla@drupal.org,Genderqueer,126.116.9.217
768,Orlando,Isgate,oisgatelb@fotki.com,Male,243.104.13.22
769,Frazier,Kimble,fkimblelc@vkontakte.ru,Male,9.240.214.252
770,Andrus,Treversh,atrevershld@tripadvisor.com,Genderqueer,71.39.100.31
771,Cassi,Greenroyd,cgreenroydle@nydailynews.com,Female,169.210.7.190
772,Ginger,Northfield,gnorthfieldlf@behance.net,Male,64.56.208.209
773,Bordie,Caller,bcallerlg@exblog.jp,Non-binary,245.220.31.49
774,Whitby,Simchenko,wsimchenkolh@dedecms.com,Male,238.13.13.253
775,Arthur,Penketh,apenkethli@ocn.ne.jp,Male,87.105.203.224
776,Blair,Hannaford,bhannafordlj@taobao.com,Male,188.186.150.44
777,Jodi,Gheerhaert,jgheerhaertlk@auda.org.au,Bigender,32.224.79.131
778,Giorgio,Perrat,gperratll@engadget.com,Bigender,166.71.255.115
779,Meta,Poundsford,mpoundsfordlm@bloglovin.com,Female,221.118.116.110
780,My,Vaan,mvaanln@google.com.br,Male,23.229.114.164
781,Gennie,Persence,gpersencelo@mit.edu,Female,174.65.176.212
782,Dehlia,Bilbrook,dbilbrooklp@behance.net,Female,211.212.79.192
783,Dennis,Waszczykowski,dwaszczykowskilq@webeden.co.uk,Non-binary,212.14.32.254
784,Ganny,Ales,galeslr@bbb.org,Male,214.11.186.231
785,Gardie,Goldie,ggoldiels@csmonitor.com,Male,43.237.198.167
786,Teriann,Clay,tclaylt@berkeley.edu,Bigender,202.61.92.174
787,Gery,Feltham,gfelthamlu@discuz.net,Male,165.130.10.201
788,Gibby,Whitnell,gwhitnelllv@npr.org,Male,212.30.73.114
789,Ashbey,Sultana,asultanalw@nbcnews.com,Male,231.104.54.171
790,Frederik,Emtage,femtagelx@typepad.com,Male,201.187.196.95
791,Sosanna,Kitchinghan,skitchinghanly@shop-pro.jp,Non-binary,154.253.42.207
792,Dahlia,Giorgio,dgiorgiolz@deviantart.com,Female,73.118.106.226
793,Shena,Harower,sharowerm0@techcrunch.com,Agender,221.38.18.4
794,Xavier,Rouf,xroufm1@seesaa.net,Agender,173.40.162.37
795,Rani,Carwardine,rcarwardinem2@state.tx.us,Female,29.160.81.54
796,Myron,Diviny,mdivinym3@reverbnation.com,Male,180.49.141.42
797,Ernie,Fernan,efernanm4@springer.com,Agender,91.0.66.42
798,Carita,Clothier,cclothierm5@ameblo.jp,Female,37.160.118.57
799,Averyl,Tomik,atomikm6@youtu.be,Female,239.210.141.33
800,Massimiliano,Seatter,mseatterm7@mail.ru,Male,150.100.74.134
801,Ronnie,Cornuau,rcornuaum8@imdb.com,Male,12.255.25.62
802,Sissy,Paxeford,spaxefordm9@irs.gov,Female,132.197.211.81
803,Wit,Pinnock,wpinnockma@si.edu,Male,20.118.167.45
804,Richmond,Woolfenden,rwoolfendenmb@accuweather.com,Male,113.156.71.62
805,Aurora,Batch,abatchmc@tmall.com,Female,249.242.180.58
806,Christiana,Vidgen,cvidgenmd@answers.com,Female,253.250.231.156
807,Teresita,Crampin,tcrampinme@baidu.com,Female,113.12.103.92
808,Tiebold,Antill,tantillmf@alexa.com,Male,144.227.129.223
809,Randee,Baudic,rbaudicmg@stumbleupon.com,Female,174.94.196.52
810,Gui,Dmitriev,gdmitrievmh@opera.com,Female,21.146.56.146
811,Tonnie,Worsnop,tworsnopmi@home.pl,Male,187.176.199.240
812,Ignacio,Vickerman,ivickermanmj@illinois.edu,Male,187.11.28.157
813,Kacy,Beebee,kbeebeemk@illinois.edu,Female,117.216.24.11
814,Natasha,Radish,nradishml@reddit.com,Female,224.184.220.248
815,Kata,Gerty,kgertymm@timesonline.co.uk,Female,96.251.249.148
816,Mufinella,Rowlings,mrowlingsmn@soup.io,Agender,46.225.113.73
817,Lyon,Hattersley,lhattersleymo@upenn.edu,Male,126.157.252.40
818,Michelle,Bearman,mbearmanmp@amazon.co.jp,Non-binary,224.26.65.216
819,Edik,Molineaux,emolineauxmq@qq.com,Male,0.107.31.71
820,Garvin,Johns,gjohnsmr@networksolutions.com,Male,210.57.42.13
821,Morissa,Forrestill,mforrestillms@mysql.com,Female,46.64.55.183
822,Cori,Chesterton,cchestertonmt@fc2.com,Non-binary,43.180.22.105
823,Araldo,Benedite,abeneditemu@hibu.com,Male,118.228.151.18
824,Catherine,Ferrar,cferrarmv@amazon.co.uk,Genderfluid,117.116.41.68
825,Nicola,Mathiot,nmathiotmw@cnet.com,Female,185.75.32.167
826,Ahmad,Kirkbright,akirkbrightmx@utexas.edu,Male,12.48.13.15
827,Alexa,Ayers,aayersmy@prweb.com,Female,30.239.205.57
828,Ede,Flecknell,eflecknellmz@gnu.org,Female,137.73.95.148
829,Micheline,Farrar,mfarrarn0@netvibes.com,Female,191.51.121.194
830,Lin,Comiam,lcomiamn1@mtv.com,Male,87.21.220.249
831,Gwenneth,McGrory,gmcgroryn2@parallels.com,Female,16.138.103.239
832,Tailor,Danilishin,tdanilishinn3@stumbleupon.com,Male,72.170.214.250
833,Ceil,Routledge,croutledgen4@clickbank.net,Female,109.38.77.138
834,Penelopa,Osant,posantn5@smh.com.au,Female,198.66.0.11
835,Ambrosio,O'Roan,aoroann6@hp.com,Genderqueer,4.153.210.39
836,Eyde,Pynner,epynnern7@goo.gl,Female,209.15.73.34
837,Mildred,Lillico,mlillicon8@npr.org,Female,183.120.175.19
838,Staford,Boultwood,sboultwoodn9@craigslist.org,Male,213.32.67.212
839,Egan,Hanselmann,ehanselmannna@biblegateway.com,Male,158.217.190.39
840,Charley,Kelso,ckelsonb@live.com,Male,92.150.173.24
841,Parsifal,Gookey,pgookeync@ucla.edu,Male,244.55.105.203
842,Vasili,Parsand,vparsandnd@usnews.com,Male,64.215.178.233
843,Alastair,Fishenden,afishendenne@webnode.com,Male,14.33.122.10
844,Heywood,Chipps,hchippsnf@furl.net,Male,155.29.225.17
845,Hilary,Diviney,hdivineyng@parallels.com,Male,145.236.13.197
846,Maison,Merrison,mmerrisonnh@feedburner.com,Male,146.167.184.106
847,Berkly,Shayler,bshaylerni@squidoo.com,Male,168.140.69.140
848,Colleen,Rogger,croggernj@t.co,Non-binary,110.94.205.81
849,Ase,Barrows,abarrowsnk@indiegogo.com,Male,76.166.143.12
850,Tyson,Farrow,tfarrownl@list-manage.com,Male,177.218.118.98
851,Chrotoem,Coldridge,ccoldridgenm@purevolume.com,Male,136.12.222.251
852,Bart,Bealing,bbealingnn@vinaora.com,Male,143.251.43.166
853,Steffi,Gallatly,sgallatlyno@ebay.com,Female,199.168.189.34
854,Emmalynne,Mitchley,emitchleynp@weather.com,Female,140.97.59.45
855,Jamil,Fussie,jfussienq@nymag.com,Male,214.76.171.67
856,Gun,Boxill,gboxillnr@noaa.gov,Genderfluid,45.148.188.92
857,Ange,Seaborn,aseabornns@washington.edu,Female,94.252.254.166
858,Kat,O'Shields,koshieldsnt@reddit.com,Female,153.202.177.170
859,Romy,Schrieves,rschrievesnu@flickr.com,Female,159.120.70.118
860,Onfroi,Wellstead,owellsteadnv@reuters.com,Male,23.51.186.96
861,Bear,Juden,bjudennw@cyberchimps.com,Male,141.62.146.213
862,Timotheus,Dymick,tdymicknx@bigcartel.com,Male,65.199.91.27
863,Saree,Tidbury,stidburyny@usgs.gov,Female,202.75.193.59
864,Wait,Scyner,wscynernz@opera.com,Male,191.129.127.93
865,Chester,Lakes,clakeso0@alibaba.com,Male,184.16.91.249
866,Boy,Gornal,bgornalo1@de.vu,Male,170.224.68.37
867,Dottie,George,dgeorgeo2@msu.edu,Female,229.184.182.31
868,Jillie,Quincey,jquinceyo3@wikispaces.com,Female,41.9.72.85
869,Grange,Merveille,gmerveilleo4@ustream.tv,Male,13.170.128.142
870,Hunt,Gokes,hgokeso5@omniture.com,Male,83.24.72.64
871,Ferdie,Skentelbery,fskentelberyo6@earthlink.net,Male,26.150.100.118
872,Joe,Harhoff,jharhoffo7@toplist.cz,Male,10.184.38.10
873,Caesar,Gillbanks,cgillbankso8@quantcast.com,Male,75.10.102.101
874,Prissie,Ponceford,pponcefordo9@bing.com,Female,217.58.211.34
875,Arleta,Dadge,adadgeoa@bluehost.com,Female,135.17.154.139
876,Gan,Penright,gpenrightob@deviantart.com,Male,56.44.37.79
877,Locke,Reedman,lreedmanoc@trellian.com,Male,197.3.116.12
878,Candra,Aymeric,caymericod@themeforest.net,Female,202.100.12.165
879,Austine,Hixley,ahixleyoe@businesswire.com,Female,86.158.128.211
880,Sheri,Errey,serreyof@vk.com,Female,107.159.215.71
881,Cyb,Yakov,cyakovog@nsw.gov.au,Female,49.138.87.159
882,Adena,Julian,ajulianoh@geocities.com,Female,143.138.151.42
883,Claiborn,Wyborn,cwybornoi@apple.com,Male,188.15.61.109
884,Christoforo,Lionel,clioneloj@utexas.edu,Male,158.188.226.21
885,Penni,Barsby,pbarsbyok@toplist.cz,Female,70.51.23.181
886,Merola,Harsum,mharsumol@blinklist.com,Female,165.228.100.50
887,Sarah,Cornthwaite,scornthwaiteom@europa.eu,Female,175.26.169.132
888,Raquel,Reboul,rreboulon@ihg.com,Female,8.114.6.5
889,Avigdor,Philipeau,aphilipeauoo@weather.com,Male,115.222.158.88
890,Enos,Denecamp,edenecampop@artisteer.com,Genderqueer,175.200.125.206
891,Evaleen,Breeder,ebreederoq@123-reg.co.uk,Female,40.229.12.61
892,Tamarra,Tonks,ttonksor@blogger.com,Female,167.204.247.235
893,Chickie,Eddowis,ceddowisos@hexun.com,Female,3.171.134.189
894,Rodrick,Samart,rsamartot@dailymotion.com,Male,222.51.183.86
895,Shamus,Dovermann,sdovermannou@t.co,Male,227.249.46.112
896,Vidovic,Menlove,vmenloveov@bravesites.com,Male,51.156.113.122
897,Brenda,Muscat,bmuscatow@state.gov,Female,34.221.38.63
898,Lane,Matteuzzi,lmatteuzziox@netvibes.com,Male,174.154.38.218
899,Matias,O' Cuolahan,mocuolahanoy@un.org,Male,115.1.161.174
900,Rozanna,Aubery,rauberyoz@qq.com,Female,243.217.185.113
901,Philipa,Tatford,ptatfordp0@businessinsider.com,Female,149.249.216.157
902,Rae,Borchardt,rborchardtp1@rakuten.co.jp,Female,90.235.192.149
903,Brena,Molloy,bmolloyp2@umich.edu,Female,231.248.243.162
904,Reagen,Kryszkiecicz,rkryszkieciczp3@bravesites.com,Male,222.229.50.205
905,Leopold,McGowan,lmcgowanp4@shutterfly.com,Male,79.3.99.108
906,Fancy,Bilam,fbilamp5@sohu.com,Female,30.160.202.149
907,Phip,Lates,platesp6@yolasite.com,Polygender,15.142.61.73
908,Gris,Geator,ggeatorp7@census.gov,Male,52.227.158.26
909,Kenyon,De Dantesie,kdedantesiep8@deviantart.com,Male,152.117.233.59
910,Barth,Congram,bcongramp9@house.gov,Male,61.227.246.23
911,Elie,Gibbins,egibbinspa@sourceforge.net,Female,221.134.127.86
912,Emlyn,Tweedy,etweedypb@hc360.com,Polygender,13.157.161.158
913,Clare,Dinsale,cdinsalepc@phpbb.com,Female,84.10.203.248
914,Orion,Gawen,ogawenpd@youtu.be,Genderqueer,198.246.7.211
915,Tuck,Kordt,tkordtpe@nps.gov,Male,61.87.160.98
916,Vasily,Andriuzzi,vandriuzzipf@elpais.com,Male,238.2.191.195
917,Natassia,Tabard,ntabardpg@home.pl,Female,155.47.228.227
918,Kenyon,Hugenin,khugeninph@drupal.org,Male,163.35.91.168
919,Cchaddie,Klageman,cklagemanpi@google.ru,Male,113.201.255.240
920,Eberhard,Munks,emunkspj@springer.com,Male,253.81.10.197
921,Solomon,Hallam,shallampk@goodreads.com,Male,225.23.229.148
922,Harold,Ciccarello,hciccarellopl@soundcloud.com,Male,209.94.67.81
923,Karola,Comizzoli,kcomizzolipm@mozilla.org,Female,184.36.97.45
924,Devonne,Serjeant,dserjeantpn@google.co.jp,Female,61.152.34.68
925,Ruggiero,Woollhead,rwoollheadpo@symantec.com,Male,89.56.253.187
926,Florrie,Hurran,fhurranpp@feedburner.com,Female,135.11.242.74
927,Benedetto,Cottrill,bcottrillpq@nifty.com,Male,9.52.98.242
928,Keely,Bever,kbeverpr@weibo.com,Female,245.255.167.181
929,Ollie,Gregr,ogregrps@ihg.com,Female,188.73.183.174
930,Berne,Rishbrook,brishbrookpt@trellian.com,Male,248.76.131.105
931,Delmor,Niven,dnivenpu@trellian.com,Male,135.8.189.203
932,Thibaud,Botwright,tbotwrightpv@forbes.com,Male,208.153.246.95
933,Dulsea,Jenicek,djenicekpw@sciencedaily.com,Female,237.137.130.215
934,Nikolai,Kyston,nkystonpx@mozilla.com,Male,97.165.183.46
935,Stacy,Scarrott,sscarrottpy@php.net,Female,164.223.49.32
936,Brad,Cambridge,bcambridgepz@upenn.edu,Male,53.93.56.182
937,Merle,Giscken,mgisckenq0@stumbleupon.com,Male,24.4.36.174
938,Elton,Agerskow,eagerskowq1@theatlantic.com,Male,86.155.20.153
939,Jerald,Back,jbackq2@ucoz.com,Male,232.227.186.49
940,Samaria,Kynett,skynettq3@bluehost.com,Female,241.37.167.165
941,Ninnette,Burg,nburgq4@wix.com,Female,47.63.255.1
942,Garrott,Johnigan,gjohniganq5@addthis.com,Agender,197.204.19.125
943,Maynard,Geockle,mgeockleq6@prlog.org,Male,250.141.207.25
944,Katuscha,McCulloch,kmccullochq7@cnn.com,Female,155.56.236.71
945,Kylie,Grono,kgronoq8@samsung.com,Female,229.183.161.85
946,Dominique,Kirsche,dkirscheq9@i2i.jp,Genderfluid,26.5.200.207
947,Meredith,Hansel,mhanselqa@phoca.cz,Male,120.204.189.21
948,Dwayne,McDougall,dmcdougallqb@free.fr,Male,168.2.26.163
949,Marcus,Ruston,mrustonqc@slate.com,Male,253.53.11.108
950,Cathyleen,Sexti,csextiqd@ucoz.ru,Female,101.191.77.116
951,Pauly,Speller,pspellerqe@examiner.com,Female,153.221.121.233
952,Wanids,Bayliss,wbaylissqf@phoca.cz,Female,38.157.171.180
953,Bear,Wisedale,bwisedaleqg@hibu.com,Male,144.212.214.239
954,Emalia,Crayke,ecraykeqh@alibaba.com,Female,216.133.22.248
955,Myrvyn,Corbert,mcorbertqi@squarespace.com,Male,33.164.132.201
956,Peta,Pyffe,ppyffeqj@wp.com,Female,231.214.217.18
957,Florella,Scahill,fscahillqk@jugem.jp,Bigender,166.18.116.229
958,Carie,Kiddey,ckiddeyql@dmoz.org,Female,87.102.56.90
959,Halie,Million,hmillionqm@cnet.com,Female,73.62.238.45
960,Berget,Townshend,btownshendqn@moonfruit.com,Female,204.176.225.169
961,Costa,Hebner,chebnerqo@auda.org.au,Bigender,254.236.190.128
962,Glyn,Allebone,galleboneqp@skyrock.com,Male,151.163.221.214
963,Cortie,Hutchence,chutchenceqq@goo.ne.jp,Male,178.122.48.60
964,Raffarty,Managh,rmanaghqr@canalblog.com,Male,217.181.175.147
965,Dyann,Fullerton,dfullertonqs@t-online.de,Female,68.48.133.2
966,Dietrich,Benettolo,dbenettoloqt@prweb.com,Male,41.20.64.71
967,Pincas,Scading,pscadingqu@usnews.com,Male,213.1.132.94
968,Claresta,Buterton,cbutertonqv@samsung.com,Female,229.154.51.105
969,Eldredge,Branca,ebrancaqw@microsoft.com,Male,218.134.253.91
970,Vivienne,Gyer,vgyerqx@oracle.com,Female,222.180.235.103
971,Robinet,Nelmes,rnelmesqy@addtoany.com,Male,226.142.110.86
972,Leeland,Connechy,lconnechyqz@tuttocitta.it,Male,188.120.142.198
973,Langston,Mutch,lmutchr0@photobucket.com,Polygender,226.0.232.15
974,Benjamen,Barzen,bbarzenr1@go.com,Male,222.255.210.182
975,Mirelle,Stops,mstopsr2@merriam-webster.com,Female,204.90.68.145
976,Susann,Sharp,ssharpr3@cdc.gov,Female,216.77.34.135
977,Immanuel,Bebb,ibebbr4@smugmug.com,Male,21.206.123.179
978,Turner,Jerdon,tjerdonr5@slate.com,Male,62.39.145.132
979,Brandi,Coughan,bcoughanr6@whitehouse.gov,Female,181.12.106.222
980,Lonnard,Igglesden,ligglesdenr7@youtube.com,Male,251.43.163.131
981,Roland,Vidineev,rvidineevr8@t-online.de,Male,98.221.212.130
982,Joye,Duny,jdunyr9@cargocollective.com,Genderfluid,13.242.100.18
983,Barbette,Hattam,bhattamra@paypal.com,Female,212.230.114.169
984,Vassili,Tasseler,vtasselerrb@usa.gov,Male,245.71.220.223
985,Port,Bisatt,pbisattrc@github.com,Male,9.169.167.94
986,Carmon,Ostler,costlerrd@mlb.com,Female,203.19.237.229
987,Phineas,Gairdner,pgairdnerre@bing.com,Male,78.164.191.152
988,Lou,Madge,lmadgerf@fda.gov,Male,253.146.30.94
989,Erin,Wysome,ewysomerg@sfgate.com,Female,154.29.70.11
990,Farleigh,Jehu,fjehurh@nih.gov,Male,66.60.25.121
991,Dyann,Beddall,dbeddallri@webmd.com,Female,49.135.19.217
992,Valina,Mariault,vmariaultrj@instagram.com,Female,142.217.23.255
993,Gerhardt,Tedahl,gtedahlrk@microsoft.com,Male,48.30.66.28
994,Brigg,Haldane,bhaldanerl@de.vu,Male,230.44.122.215
995,Caye,Kochel,ckochelrm@list-manage.com,Female,71.52.9.28
996,Titos,Turney,tturneyrn@smugmug.com,Genderqueer,1.182.128.211
997,Pris,Meece,pmeecero@biblegateway.com,Female,111.176.131.94
998,Shena,Pedden,speddenrp@intel.com,Female,219.62.25.167
999,Thom,Borthe,tbortherq@stumbleupon.com,Male,135.109.135.82
1000,Sherline,Cullagh,scullaghrr@chronoengine.com,Female,51.166.173.215
